,score_blocks,id,score_noblocks
0,0.1872122730690422,327,0.250177422962263
1,0.1872122730690422,327,0.5659278172527904
2,0.2813577258299054,57,0.3385087894833856
3,0.2813577258299054,57,0.5844780047448831
4,0.1871066852330796,12,0.3202924918069398
5,0.1871066852330796,12,0.7415697178883944
6,0.3342473000989218,379,0.6910520807141503
7,0.3342473000989218,379,0.6910520807141503
8,0.2817212837564657,140,0.1976186766311671
9,0.2817212837564657,140,0.7706091410916015
10,0.2690163766295343,125,0.2425273811019482
11,0.2690163766295343,125,0.7033193323734163
12,0.3336905046015429,114,0.307585445384172
13,0.3336905046015429,114,0.6046934614129197
14,0.2109141653645155,71,0.2143307119263269
15,0.2109141653645155,71,0.8306014280965223
16,0.4517994662350493,377,0.601520600735362
17,0.4517994662350493,377,0.601520600735362
18,0.2269729609111343,52,0.1735925038002513
19,0.2269729609111343,52,0.587718219302797
20,0.4280187019566917,346,0.619573162025911
21,0.4280187019566917,346,0.619573162025911
22,0.2833106356883821,496,0.336303638386171
23,0.2833106356883821,496,0.7052529976283263
24,0.615397718246303,456,0.5862538836363621
25,0.615397718246303,456,0.5862538836363621
26,0.2541791465856526,279,0.2545324874182828
27,0.2541791465856526,279,0.7525506647871938
28,0.2487418345489019,44,0.2590746383568992
29,0.2487418345489019,44,0.7563889170981971
30,0.4311750872429091,302,0.3908878194110251
31,0.4311750872429091,302,0.5811696010704395
32,0.3709298475002791,216,0.2328847336051337
33,0.3709298475002791,216,0.8113759246661337
34,0.2043485750603539,16,0.271339883888158
35,0.2043485750603539,16,0.7456985574353143
36,0.2347057917066222,15,0.1759274523140397
37,0.2347057917066222,15,0.780602424367741
38,0.5415192327852342,47,0.2396156381045798
39,0.5415192327852342,47,0.2396156381045798
40,0.3910379370751422,111,0.5025971681953402
41,0.3910379370751422,111,0.8316905966741319
42,0.1545471804313169,119,0.1656390567123474
43,0.1545471804313169,119,0.7479726154417613
44,0.1805304255478717,258,0.3087574113884074
45,0.1805304255478717,258,0.8288777645468034
46,0.2647823473282051,308,0.1722543464467077
47,0.2647823473282051,308,0.6615562011773541
48,0.255878128756478,13,0.2471948001678361
49,0.255878128756478,13,0.7481070948530424
50,0.2750083579212951,287,0.3125823085698775
51,0.2750083579212951,287,0.6862477252816384
52,0.3146098830872755,101,0.2420920854058597
53,0.3146098830872755,101,0.8519169468646816
54,0.1976113979718252,366,0.2463077133360432
55,0.1976113979718252,366,0.866411401229286
56,0.2476969601567443,332,0.3301543610003248
57,0.2476969601567443,332,0.6436539735136843
58,0.2225600420176666,359,0.2027141198328553
59,0.2225600420176666,359,0.757754032576946
60,0.3264569652108287,486,0.3245428415121439
61,0.3264569652108287,486,0.6496148099731934
62,0.4315888027765644,214,0.1975170879632856
63,0.4315888027765644,214,0.8080911162051786
64,0.2543779608798395,112,0.3099976126854933
65,0.2543779608798395,112,0.7878477712976666
66,0.3458864549466598,229,0.2231857403472131
67,0.3458864549466598,229,0.7047898120596309
68,0.2334041600262678,301,0.2801974143437802
69,0.2334041600262678,301,0.7935562687726141
70,0.3583649046143753,142,0.2924136292134301
71,0.3583649046143753,142,0.7028176506169135
72,0.307190007549616,414,0.2397067182075851
73,0.307190007549616,414,0.6680225286450169
74,0.2251851763971502,445,0.1940968172072645
75,0.2251851763971502,445,0.7950381553102488
76,0.3297093022184423,3,0.2518866783090824
77,0.3297093022184423,3,0.6983863671943228
78,0.2252523501496904,388,0.3094178994112385
79,0.2252523501496904,388,0.6075584528313789
80,0.2752644562010263,412,0.3754440036484323
81,0.2752644562010263,412,0.3754440036484323
82,0.3731618144573889,81,0.311273065165802
83,0.3731618144573889,81,0.526396745553638
84,0.3292341031812719,357,0.2634709444627348
85,0.3292341031812719,357,0.7145533514061135
86,0.1919925380073708,483,0.3533768837537213
87,0.1919925380073708,483,0.7333693394181383
88,0.2667646825325946,174,0.3303723984497725
89,0.2667646825325946,174,0.7704967401012998
90,0.2790019494661143,464,0.2576314023686455
91,0.2790019494661143,464,0.678677310635899
92,0.3079839417410354,79,0.4001664208848874
93,0.3079839417410354,79,0.7277137989173171
94,0.3039106210602821,110,0.2812760692433263
95,0.3039106210602821,110,0.6983676955263399
96,0.2836933879212021,390,0.3169928196294869
97,0.2836933879212021,390,0.798026998691554
98,0.176006151885776,172,0.3092684426796658
99,0.176006151885776,172,0.7090344795340338
100,0.250317638561331,490,0.3313802065063109
101,0.250317638561331,490,0.3313802065063109
102,0.5931618702024298,480,0.335371437468612
103,0.5931618702024298,480,0.335371437468612
104,0.1850685735193736,194,0.0951217725562609
105,0.1850685735193736,194,0.0951217725562609
106,0.2706978904252108,49,0.2725452202862768
107,0.2706978904252108,49,0.6922352067708777
108,0.2951866361843516,183,0.3710394778214523
109,0.2951866361843516,183,0.6857079295998526
110,0.1794717293161202,433,0.2587813759834872
111,0.1794717293161202,433,0.6898296201652686
112,0.3409636873070176,176,0.2215468030943906
113,0.3409636873070176,176,0.2215468030943906
114,0.2852626115698304,309,0.2424805205727846
115,0.2852626115698304,309,0.6629376794310813
116,0.2579213812557094,135,0.4487958133150534
117,0.2579213812557094,135,0.6811272733653565
118,0.2795595780618288,413,0.2275464376466041
119,0.2795595780618288,413,0.8172793164537525
120,0.5986761040281076,22,0.3671325422251663
121,0.5986761040281076,22,0.3671325422251663
122,0.4384090868713329,373,0.6069146649428879
123,0.4384090868713329,373,0.6069146649428879
124,0.3021702522435388,235,0.3494782164492201
125,0.3021702522435388,235,0.5469161613463643
126,0.263409371816807,274,0.3959580833184972
127,0.263409371816807,274,0.680513001301643
128,0.6146961318381544,63,0.4471619577068876
129,0.6146961318381544,63,0.4471619577068876
130,0.2101752491534766,193,0.2690663398530251
131,0.2101752491534766,193,0.7986624744780599
132,0.423839653238984,40,0.3590439901721985
133,0.423839653238984,40,0.6549098909771599
134,0.2631455528990434,282,0.2741128201325638
135,0.2631455528990434,282,0.764884512690022
136,0.2050090936088317,150,0.2781606880930971
137,0.2050090936088317,150,0.7985635298400608
138,0.4905775641365154,424,0.2682356484460205
139,0.4905775641365154,424,0.6888295642732966
140,0.4166566802940563,321,0.2783412273069599
141,0.4166566802940563,321,0.7342269704984591
142,0.1468991434845362,316,0.231875263715679
143,0.1468991434845362,316,0.676734515905922
144,0.2429066942277365,185,0.4419483555443185
145,0.2429066942277365,185,0.7330183534209127
146,0.106154037920176,295,0.2489089206026326
147,0.106154037920176,295,0.2489089206026326
148,0.2885744248496094,98,0.4019711226352054
149,0.2885744248496094,98,0.4019711226352054
150,0.3108607623735714,360,0.4671128690928551
151,0.3108607623735714,360,0.7031298915465565
152,0.3683669062703214,35,0.5747301317662818
153,0.3683669062703214,35,0.5747301317662818
154,0.2631263842482444,23,0.3595878251193923
155,0.2631263842482444,23,0.5368642573142155
156,0.1907246980447284,338,0.227901068091205
157,0.1907246980447284,338,0.7034316521845246
158,0.2362368808455265,116,0.2440780725335372
159,0.2362368808455265,116,0.76815865997737
160,0.2386019891992772,395,0.3521484573210151
161,0.2386019891992772,395,0.7659343782157666
162,0.1952024860279089,148,0.2651448926158166
163,0.1952024860279089,148,0.753376847218335
164,0.4044058484896385,444,0.3807047446450325
165,0.4044058484896385,444,0.6681056892608718
166,0.2690098821507589,478,0.3296749648781717
167,0.2690098821507589,478,0.6957929616694268
168,0.3631409217063673,51,0.2495638812423782
169,0.3631409217063673,51,0.8058623521009947
170,0.2176363499333605,447,0.4415176311512786
171,0.2176363499333605,447,0.8296235703118915
172,0.1822644091765784,454,0.2387685166776344
173,0.1822644091765784,454,0.8135413699809112
174,0.2935248146366584,232,0.3972027978220726
175,0.2935248146366584,232,0.7983385539700345
176,0.2896337307515486,325,0.2806587890464243
177,0.2896337307515486,325,0.8492989731556889
178,0.493962541792988,186,0.6765461326961719
179,0.493962541792988,186,0.6765461326961719
180,0.3016344336893184,83,0.3199745933508371
181,0.3016344336893184,83,0.6549330554472114
182,0.2412908035859613,189,0.33155723175369
183,0.2412908035859613,189,0.7680059038713386
184,0.2318161886661312,181,0.213256301397692
185,0.2318161886661312,181,0.5612377559111441
186,0.6341607919385522,107,0.3762730582854849
187,0.6341607919385522,107,0.3762730582854849
188,0.7157104359737987,343,0.5485861058037539
189,0.7157104359737987,343,0.5485861058037539
190,0.2838359222155479,136,0.2973258336376662
191,0.2838359222155479,136,0.7590094534829076
192,0.3696450323816816,470,0.2799349224577683
193,0.3696450323816816,470,0.6718340786872844
194,0.4178258378295162,349,0.340646207225888
195,0.4178258378295162,349,0.7982529596619525
196,0.2885575410458287,331,0.4811764045080151
197,0.2885575410458287,331,0.6377506383848857
198,0.1878324282310007,36,0.2435793440121963
199,0.1878324282310007,36,0.8762526185257798
200,0.8275691029711988,55,0.6777166551880592
201,0.8275691029711988,55,0.2855952701649842
202,0.7374702930171635,305,0.7354411384260089
203,0.7374702930171635,305,0.2893968225819206
204,0.7183443245291681,222,0.6670672549207219
205,0.7183443245291681,222,0.2307765802459804
206,0.3409636873070176,176,0.2215468030943906
207,0.3409636873070176,176,0.2215468030943906
208,0.4384090868713329,373,0.6069146649428879
209,0.4384090868713329,373,0.6069146649428879
210,0.6877525019027351,402,0.6879497148405956
211,0.6877525019027351,402,0.3491567790360645
212,0.6755508155064714,160,0.6803781550453826
213,0.6755508155064714,160,0.2598494593881162
214,0.5401147508679862,223,0.7277187569632945
215,0.5401147508679862,223,0.2320763543072529
216,0.6009005152015922,310,0.6342343244341033
217,0.6009005152015922,310,0.3855403043733444
218,0.5534517834958274,261,0.685929215922388
219,0.5534517834958274,261,0.2020338389604956
220,0.7042789112563649,59,0.6250088295997152
221,0.7042789112563649,59,0.2563778239511078
222,0.7548828327016422,197,0.8770830688933849
223,0.7548828327016422,197,0.3186003572731635
224,0.7130150578910252,460,0.8359922283021883
225,0.7130150578910252,460,0.2841794817379193
226,0.106154037920176,295,0.2489089206026326
227,0.106154037920176,295,0.2489089206026326
228,0.7371198952731078,97,0.6389222204019807
229,0.7371198952731078,97,0.1490723084399837
230,0.8796986841485349,130,0.7928438114453007
231,0.8796986841485349,130,0.1997791562316775
232,0.5986761040281076,22,0.3671325422251663
233,0.5986761040281076,22,0.3671325422251663
234,0.7628377752552419,362,0.6659062083614479
235,0.7628377752552419,362,0.3939735390579003
236,0.7050295840227302,492,0.6463746263106332
237,0.7050295840227302,492,0.426144054797465
238,0.7931588654811677,0,0.7383164761230869
239,0.7931588654811677,0,0.3207915803825528
240,0.7640082027672225,266,0.5696841544123963
241,0.7640082027672225,266,0.3019532117224851
242,0.6777786664160161,473,0.5821399442591226
243,0.6777786664160161,473,0.2707955667772677
244,0.2752644562010263,412,0.3754440036484323
245,0.2752644562010263,412,0.3754440036484323
246,0.7366558369254766,275,0.6108709348758197
247,0.7366558369254766,275,0.138897753179692
248,0.7955361719362094,351,0.7381816562278676
249,0.7955361719362094,351,0.2884822535753197
250,0.812558177698951,368,0.6546544902724052
251,0.812558177698951,368,0.2025504610678971
252,0.3342473000989218,379,0.6910520807141503
253,0.3342473000989218,379,0.6910520807141503
254,0.4517994662350493,377,0.601520600735362
255,0.4517994662350493,377,0.601520600735362
256,0.7157104359737987,343,0.5485861058037539
257,0.7157104359737987,343,0.5485861058037539
258,0.7487905875450837,100,0.5563826136959034
259,0.7487905875450837,100,0.3502884528117013
260,0.493962541792988,186,0.6765461326961719
261,0.493962541792988,186,0.6765461326961719
262,0.6046092196474252,220,0.640954249113256
263,0.6046092196474252,220,0.333972399691483
264,0.3683669062703214,35,0.5747301317662818
265,0.3683669062703214,35,0.5747301317662818
266,0.6939396081283606,340,0.7034093642416693
267,0.6939396081283606,340,0.313343740820793
268,0.7359415242871311,169,0.5857611405496633
269,0.7359415242871311,169,0.2667510574425243
270,0.760496290117797,319,0.7882471823234514
271,0.760496290117797,319,0.2565406635048054
272,0.7687096686460841,493,0.680630275496777
273,0.7687096686460841,493,0.3608840902358301
274,0.8131730512229332,339,0.7073911551002622
275,0.8131730512229332,339,0.2647223922829426
276,0.7157505750596461,434,0.6870094182190285
277,0.7157505750596461,434,0.269830717645435
278,0.6146961318381544,63,0.4471619577068876
279,0.6146961318381544,63,0.4471619577068876
280,0.721867506607243,474,0.7248497876746179
281,0.721867506607243,474,0.2851307785771405
282,0.8320408333950576,153,0.7507452878984509
283,0.8320408333950576,153,0.460458668707133
284,0.8074572365552205,259,0.7457684836436896
285,0.8074572365552205,259,0.4263370588613303
286,0.4943424743370743,158,0.7242040491365966
287,0.4943424743370743,158,0.3420942227752068
288,0.7388449864205326,341,0.5871068091685698
289,0.7388449864205326,341,0.2652843656476376
290,0.586467531020328,209,0.8022272167269583
291,0.586467531020328,209,0.2953559985852804
292,0.7069523295961426,167,0.7553409214784077
293,0.7069523295961426,167,0.1886443917004866
294,0.6374775713897171,206,0.8202288415889164
295,0.6374775713897171,206,0.2661035482743563
296,0.840587733020942,356,0.8287007501666966
297,0.840587733020942,356,0.1753946270909938
298,0.7527226971868327,151,0.6377457809421749
299,0.7527226971868327,151,0.2358200278664245
300,0.6849048135016897,283,0.6638215840915626
301,0.6849048135016897,283,0.4055198001658452
302,0.6504050250198851,65,0.5779934123763567
303,0.6504050250198851,65,0.3341978536099908
304,0.2885744248496094,98,0.4019711226352054
305,0.2885744248496094,98,0.4019711226352054
306,0.7698244184202702,215,0.6574184816950465
307,0.7698244184202702,215,0.3283493044874955
308,0.7532602313854354,466,0.7076494068558494
309,0.7532602313854354,466,0.2557021284132442
310,0.1850685735193736,194,0.0951217725562609
311,0.1850685735193736,194,0.0951217725562609
312,0.4280187019566917,346,0.619573162025911
313,0.4280187019566917,346,0.619573162025911
314,0.7500162215917107,383,0.751976598541798
315,0.7500162215917107,383,0.2984624874432972
316,0.7159620146332536,89,0.6607553082254629
317,0.7159620146332536,89,0.1928251517093424
318,0.7477777504456745,315,0.601708659020581
319,0.7477777504456745,315,0.2072124442190414
320,0.7335181106253428,291,0.705341234914211
321,0.7335181106253428,291,0.319293846550459
322,0.763352168735674,154,0.7097716911989791
323,0.763352168735674,154,0.3489994136024004
324,0.7693957969046976,207,0.7297185381941047
325,0.7693957969046976,207,0.2291027308160911
326,0.6874713878669707,280,0.7589663997765607
327,0.6874713878669707,280,0.1944069306522997
328,0.7055797825306998,426,0.6766537876146611
329,0.7055797825306998,426,0.2162003673666531
330,0.5931618702024298,480,0.335371437468612
331,0.5931618702024298,480,0.335371437468612
332,0.800097668802523,155,0.8247778667194875
333,0.800097668802523,155,0.2486072063252209
334,0.7898473733309016,146,0.8168877081950301
335,0.7898473733309016,146,0.3796281468794193
336,0.6341607919385522,107,0.3762730582854849
337,0.6341607919385522,107,0.3762730582854849
338,0.6977376287758749,468,0.6929882617023749
339,0.6977376287758749,468,0.2816919206177907
340,0.6095750110099762,494,0.7761107774069176
341,0.6095750110099762,494,0.137402877353761
342,0.6462083785292579,296,0.6295304798708856
343,0.6462083785292579,296,0.4792627217992561
344,0.7786349028524733,491,0.7771975043345937
345,0.7786349028524733,491,0.1606657180506824
346,0.7515472098139864,335,0.8468121553657261
347,0.7515472098139864,335,0.1757400688475669
348,0.5754054610622682,164,0.6678706494213076
349,0.5754054610622682,164,0.3575327237996788
350,0.7069185421489818,238,0.7606067633574419
351,0.7069185421489818,238,0.2711143837556856
352,0.5518990091609287,226,0.6751158834109869
353,0.5518990091609287,226,0.3407784735516043
354,0.7006321927126575,423,0.6263663852076643
355,0.7006321927126575,423,0.2544894585975663
356,0.7481157295507626,345,0.7303745550887631
357,0.7481157295507626,345,0.427901004859068
358,0.8437680399262797,109,0.6996237586408464
359,0.8437680399262797,109,0.2707320763289655
360,0.250317638561331,490,0.3313802065063109
361,0.250317638561331,490,0.3313802065063109
362,0.8836437544930653,242,0.6966679891718274
363,0.8836437544930653,242,0.1257530724001027
364,0.6978876602332953,406,0.7558229957246209
365,0.6978876602332953,406,0.1681129076490808
366,0.8025430531227142,407,0.7559422517135373
367,0.8025430531227142,407,0.2305977127988369
368,0.6904691173743606,376,0.844399068680969
369,0.6904691173743606,376,0.4264923063828099
370,0.8482373720217412,86,0.8244243042139205
371,0.8482373720217412,86,0.2258417731672731
372,0.8474937887865284,337,0.7073752819705684
373,0.8474937887865284,337,0.2649604564476331
374,0.7013110727002287,43,0.6021616910669665
375,0.7013110727002287,43,0.3278637900860791
376,0.7813271548950855,145,0.5755771546246629
377,0.7813271548950855,145,0.5230583547202622
378,0.6261916400957529,263,0.5219153887945137
379,0.6261916400957529,263,0.410425950058836
380,0.6984612248300629,462,0.7076786271366285
381,0.6984612248300629,462,0.2703771799729929
382,0.7102817260994908,324,0.7006017755872747
383,0.7102817260994908,324,0.1787662067755241
384,0.7821820318294571,317,0.491827770769979
385,0.7821820318294571,317,0.3137320623676177
386,0.8060288550743624,171,0.7644983565483283
387,0.8060288550743624,171,0.2857112831193981
388,0.5415192327852342,47,0.2396156381045798
389,0.5415192327852342,47,0.2396156381045798
390,0.721051767925108,384,0.7008643039291538
391,0.721051767925108,384,0.3393067056687045
392,0.6149709754335138,120,0.7681856743005169
393,0.6149709754335138,120,0.2290447490933644
394,0.6925361794614942,344,0.7827692749838285
395,0.6925361794614942,344,0.3944752232058834
396,0.615397718246303,456,0.5862538836363621
397,0.615397718246303,456,0.5862538836363621
398,0.7872008079136924,115,0.7302268421709489
399,0.7872008079136924,115,0.2914799885640883
400,0.20812680290504,311,0.2221102471301468
401,0.20812680290504,311,0.605255439298326
402,0.2142271846368963,411,0.2823270161369654
403,0.2142271846368963,411,0.7259866783495703
404,0.2226765491655064,87,0.241703605640572
405,0.2226765491655064,87,0.7251641684653208
406,0.2751522574993558,273,0.2383052541082385
407,0.2751522574993558,273,0.7636730440683546
408,0.2444451708239558,438,0.3875342488441205
409,0.2444451708239558,438,0.5812266886512096
410,0.2284131685850029,494,0.7761107774069176
411,0.2284131685850029,494,0.137402877353761
412,0.2260144269285174,409,0.1456250340314415
413,0.2260144269285174,409,0.9058463324922164
414,0.3595428934436092,236,0.1504333771026806
415,0.3595428934436092,236,0.7103421683331873
416,0.221146711366706,463,0.2586690597123032
417,0.221146711366706,463,0.6217137475502295
418,0.2092521448869754,138,0.247817911603946
419,0.2092521448869754,138,0.6033694186801711
420,0.3494790324346449,499,0.2222045368636571
421,0.3494790324346449,499,0.6465445206136551
422,0.4463654833487954,352,0.6015709570036719
423,0.4463654833487954,352,0.6015709570036719
424,0.575700525233836,285,0.8157454009469844
425,0.575700525233836,285,0.8157454009469844
426,0.2130670344860444,467,0.3326835181897519
427,0.2130670344860444,467,0.718555027651777
428,0.2488174747112571,350,0.3098167680626106
429,0.2488174747112571,350,0.7094970352316831
430,0.3127881754065792,166,0.303967512838053
431,0.3127881754065792,166,0.7313232903066944
432,0.2369768153832097,28,0.3501396057279379
433,0.2369768153832097,28,0.7345845425893822
434,0.1076158298421002,117,0.2062411341226953
435,0.1076158298421002,117,0.8948713069826036
436,0.2577899971217828,482,0.2446841142593756
437,0.2577899971217828,482,0.8041141582287152
438,0.3411710988113913,161,0.3194076039922869
439,0.3411710988113913,161,0.6717263911664272
440,0.3161835455079759,205,0.3759477672812658
441,0.3161835455079759,205,0.5952939976319938
442,0.3574894230661036,137,0.2403462428398971
443,0.3574894230661036,137,0.8296453855697641
444,0.2251987003433838,33,0.3245367401070665
445,0.2251987003433838,33,0.7619312852807257
446,0.1956178263685748,108,0.3305768132948701
447,0.1956178263685748,108,0.7453257733710263
448,0.3825815799382017,290,0.3150936409193597
449,0.3825815799382017,290,0.7212163557953303
450,0.4211268483460889,367,0.6889118841286035
451,0.4211268483460889,367,0.6889118841286035
452,0.1891544024245081,380,0.296756889031105
453,0.1891544024245081,380,0.7250902624030153
454,0.3661253909704152,376,0.844399068680969
455,0.3661253909704152,376,0.4264923063828099
456,0.1372815228606091,335,0.8468121553657261
457,0.1372815228606091,335,0.1757400688475669
458,0.2095637208851731,255,0.1810759203653119
459,0.2095637208851731,255,0.8322617328868959
460,0.4344959367166588,202,0.5097032298614144
461,0.4344959367166588,202,0.75075229432755
462,0.1973050674971398,329,0.3194370828726003
463,0.1973050674971398,329,0.7656859485533913
464,0.4899557436618237,234,0.2451693726863054
465,0.4899557436618237,234,0.7264888945439549
466,0.2984206528354128,73,0.1747921291759121
467,0.2984206528354128,73,0.676481076262374
468,0.295195482858435,441,0.183424196083941
469,0.295195482858435,441,0.8871892929804561
470,0.3691811876268689,492,0.6463746263106332
471,0.3691811876268689,492,0.426144054797465
472,0.8948577521069471,126,0.521339063168943
473,0.8948577521069471,126,0.521339063168943
474,0.18247708661728,474,0.7248497876746179
475,0.18247708661728,474,0.2851307785771405
476,0.1972591442517459,275,0.6108709348758197
477,0.1972591442517459,275,0.138897753179692
478,0.1478715701162581,134,0.3455673564466495
479,0.1478715701162581,134,0.7853060898823802
480,0.2458129680937133,299,0.5363688743893329
481,0.2458129680937133,299,0.5363688743893329
482,0.2033327263377801,219,0.2998752489750896
483,0.2033327263377801,219,0.6563365136748788
484,0.3380213720130132,298,0.2340911226059332
485,0.3380213720130132,298,0.7682801364539259
486,0.3671430676921106,204,0.3071230608440583
487,0.3671430676921106,204,0.3071230608440583
488,0.3111714233329716,427,0.1970349820629365
489,0.3111714233329716,427,0.4723660877042973
490,0.2319280124718151,386,0.3320256549585761
491,0.2319280124718151,386,0.7371981850314828
492,0.5291884095956202,70,0.7055277628183678
493,0.5291884095956202,70,0.7055277628183678
494,0.2859966944254304,260,0.237430858338323
495,0.2859966944254304,260,0.7280672478384898
496,0.2401013517328636,252,0.2465629338770328
497,0.2401013517328636,252,0.7158097218592817
498,0.1476469361999879,46,0.3372390488365537
499,0.1476469361999879,46,0.8212676792937186
500,0.2622710250384581,24,0.2676566520348325
501,0.2622710250384581,24,0.6666601778995933
502,0.1567528651356895,56,0.2447940213584517
503,0.1567528651356895,56,0.8124061548945939
504,0.5768056823400834,78,0.6917441839687091
505,0.5768056823400834,78,0.6917441839687091
506,0.2664785456562664,429,0.2214045336567715
507,0.2664785456562664,429,0.8127898823808904
508,0.4467703197879599,458,0.3773849087223228
509,0.4467703197879599,458,0.6791790654623628
510,0.3081054457417727,487,0.4629416929524133
511,0.3081054457417727,487,0.7210672823909334
512,0.2833943304644561,305,0.7354411384260089
513,0.2833943304644561,305,0.2893968225819206
514,0.4760156932495151,32,0.8300344782067065
515,0.4760156932495151,32,0.8300344782067065
516,0.2600244840440009,197,0.8770830688933849
517,0.2600244840440009,197,0.3186003572731635
518,0.3960020025385437,195,0.3125946272650137
519,0.3960020025385437,195,0.7496905384771836
520,0.3190981609704225,405,0.2957623979723472
521,0.3190981609704225,405,0.8417966060473884
522,0.1800162154186916,239,0.4549832773938529
523,0.1800162154186916,239,0.6767449714887194
524,0.2988992193571912,270,0.2151847475302015
525,0.2988992193571912,270,0.7347378428772123
526,0.28102409276191,128,0.3151984449713424
527,0.28102409276191,128,0.698470119160748
528,0.3307966908736348,283,0.6638215840915626
529,0.3307966908736348,283,0.4055198001658452
530,0.2588073911494639,5,0.209506110719859
531,0.2588073911494639,5,0.7928312478620034
532,0.1762262177657018,58,0.1706661707228428
533,0.1762262177657018,58,0.8553610378387637
534,0.6981009435079154,436,0.6612104677240702
535,0.6981009435079154,436,0.6612104677240702
536,0.2766953321492333,404,0.3031455875336933
537,0.2766953321492333,404,0.3031455875336933
538,0.3432957365923667,328,0.2502132964458748
539,0.3432957365923667,328,0.6392034024581796
540,0.5738353026173385,455,0.6659443999865554
541,0.5738353026173385,455,0.6659443999865554
542,0.215832008516531,498,0.332510574974978
543,0.215832008516531,498,0.6801831603097329
544,0.1719997668276975,431,0.168868659425355
545,0.1719997668276975,431,0.8561270107490925
546,0.1783212858171584,222,0.6670672549207219
547,0.1783212858171584,222,0.2307765802459804
548,0.1453124293464985,80,0.198984637791821
549,0.1453124293464985,80,0.7737607841416422
550,0.3177431020795491,459,0.3964901722913461
551,0.3177431020795491,459,0.7191321520841396
552,0.343889980837515,1,0.3384721609393876
553,0.343889980837515,1,0.6299181904437644
554,0.365078634097936,430,0.2861954054918998
555,0.365078634097936,430,0.7227643711106647
556,0.3091371846892151,256,0.2793120370823312
557,0.3091371846892151,256,0.6943496505589231
558,0.1619014438530842,91,0.3637779896182067
559,0.1619014438530842,91,0.8334511382070802
560,0.3245788644883683,259,0.7457684836436896
561,0.3245788644883683,259,0.4263370588613303
562,0.4817485901906705,54,0.5501048095517649
563,0.4817485901906705,54,0.5501048095517649
564,0.4627932697368662,152,0.4061329159557584
565,0.4627932697368662,152,0.4061329159557584
566,0.206828431409938,319,0.7882471823234514
567,0.206828431409938,319,0.2565406635048054
568,0.2293754379652172,399,0.2022146487297762
569,0.2293754379652172,399,0.6610074934575596
570,0.2626530404270265,473,0.5821399442591226
571,0.2626530404270265,473,0.2707955667772677
572,0.1874486794022922,347,0.2159942774709796
573,0.1874486794022922,347,0.7556827666956987
574,0.4873989882404415,191,0.4116576686636382
575,0.4873989882404415,191,0.5125646356727919
576,0.1693762358947161,82,0.305349171230549
577,0.1693762358947161,82,0.5735827005309309
578,0.7700462507625233,276,0.4099800639382948
579,0.7700462507625233,276,0.4099800639382948
580,0.4603276572793572,271,0.5933952292089415
581,0.4603276572793572,271,0.5933952292089415
582,0.2007088231804273,0,0.7383164761230869
583,0.2007088231804273,0,0.3207915803825528
584,0.270760800687655,306,0.2195728439551768
585,0.270760800687655,306,0.8166008672927294
586,0.2610246658271238,165,0.3343146028644717
587,0.2610246658271238,165,0.68950279951858
588,0.2049141174433739,250,0.3035412061775439
589,0.2049141174433739,250,0.7606106394202805
590,0.0795992735163799,9,0.2373954139240216
591,0.0795992735163799,9,0.5872203560626684
592,0.153823414219844,330,0.1897977770492619
593,0.153823414219844,330,0.7748034744906109
594,0.1695798488311849,355,0.2057945794173463
595,0.1695798488311849,355,0.8158324374027095
596,0.36363573800225,157,0.3833351800405923
597,0.36363573800225,157,0.7093618228438163
598,0.4605404778577298,122,0.5389285355202835
599,0.4605404778577298,122,0.5389285355202835
600,0.7869716425996746,101,0.2420920854058597
601,0.7869716425996746,101,0.8519169468646816
602,0.7866862185305491,75,0.8657712180157742
603,0.7866862185305491,75,0.2034378832641541
604,0.8520913468938905,12,0.3202924918069398
605,0.8520913468938905,12,0.7415697178883944
606,0.6591193249022176,23,0.3595878251193923
607,0.6591193249022176,23,0.5368642573142155
608,0.6733380096393606,125,0.2425273811019482
609,0.6733380096393606,125,0.7033193323734163
610,0.7085499958720046,243,0.8087558262698282
611,0.7085499958720046,243,0.3345425413669768
612,0.8386232403959206,312,0.714810424805841
613,0.8386232403959206,312,0.2904711360098744
614,0.5592308247412646,37,0.6002337941370661
615,0.5592308247412646,37,0.3035311263512211
616,0.8285294094639944,233,0.6878155148932388
617,0.8285294094639944,233,0.2181295636704901
618,0.722106929167462,212,0.757813297779039
619,0.722106929167462,212,0.1587954807964135
620,0.7927338212819132,322,0.6903214931415216
621,0.7927338212819132,322,0.1984674640336666
622,0.6378747980066384,294,0.7493069024655332
623,0.6378747980066384,294,0.189376919565727
624,0.650646633335357,99,0.6420731666186266
625,0.650646633335357,99,0.3237919335940913
626,0.4211268483460889,367,0.6889118841286035
627,0.4211268483460889,367,0.6889118841286035
628,0.902025133154243,451,0.8989492243517947
629,0.902025133154243,451,0.2730593676323005
630,0.7010064943127045,196,0.7864708511684165
631,0.7010064943127045,196,0.235746403814814
632,0.8144116911358127,253,0.6399534752250075
633,0.8144116911358127,253,0.3129379104197569
634,0.3671430676921106,204,0.3071230608440583
635,0.3671430676921106,204,0.3071230608440583
636,0.6229583076012117,124,0.7156385883077555
637,0.6229583076012117,124,0.3541456222576487
638,0.760408161860956,398,0.6790427881859158
639,0.760408161860956,398,0.2076180310623382
640,0.7599185644398885,435,0.5509586889922296
641,0.7599185644398885,435,0.1844711021745006
642,0.4463654833487954,352,0.6015709570036719
643,0.4463654833487954,352,0.6015709570036719
644,0.8612673750555108,2,0.7058712659330744
645,0.8612673750555108,2,0.0997074116437596
646,0.4817485901906705,54,0.5501048095517649
647,0.4817485901906705,54,0.5501048095517649
648,0.8796332459789202,217,0.7773540018805053
649,0.8796332459789202,217,0.1960872616230213
650,0.8212886766831105,112,0.3099976126854933
651,0.8212886766831105,112,0.7878477712976666
652,0.7830308743585878,90,0.8523082450223046
653,0.7830308743585878,90,0.2742008761211268
654,0.641388154775884,385,0.7934460676391678
655,0.641388154775884,385,0.2373238506407289
656,0.9052324304369026,265,0.776755940391439
657,0.9052324304369026,265,0.0618001412647331
658,0.7813044097318551,237,0.7908210040905495
659,0.7813044097318551,237,0.1576884717169903
660,0.8183244150503756,25,0.5317354948077025
661,0.8183244150503756,25,0.3961397536593326
662,0.575700525233836,285,0.8157454009469844
663,0.575700525233836,285,0.8157454009469844
664,0.8247726434675486,127,0.7905696978044316
665,0.8247726434675486,127,0.25105154747961
666,0.8352324189242475,62,0.7773266414780133
667,0.8352324189242475,62,0.2470298749894585
668,0.6654540943106989,391,0.8947997707090237
669,0.6654540943106989,391,0.1590076638792935
670,0.6989963598122163,68,0.6621117764549366
671,0.6989963598122163,68,0.2141949131863173
672,0.7184378278719818,370,0.6381882161226213
673,0.7184378278719818,370,0.2258270389834208
674,0.5738353026173385,455,0.6659443999865554
675,0.5738353026173385,455,0.6659443999865554
676,0.4603276572793572,271,0.5933952292089415
677,0.4603276572793572,271,0.5933952292089415
678,0.864171784298673,286,0.5587729297842529
679,0.864171784298673,286,0.2645095370170953
680,0.7162081223547556,304,0.8350611521361865
681,0.7162081223547556,304,0.374744734079701
682,0.7536744217567279,162,0.7137357381093691
683,0.7536744217567279,162,0.1498265065574491
684,0.7986065228989161,422,0.7720146510491562
685,0.7986065228989161,422,0.279045009949599
686,0.7408880791160781,313,0.7774305900965927
687,0.7408880791160781,313,0.3208387908424611
688,0.7220250181282052,258,0.3087574113884074
689,0.7220250181282052,258,0.8288777645468034
690,0.7271224125517572,218,0.8513470766846918
691,0.7271224125517572,218,0.2037766144189605
692,0.6981009435079154,436,0.6612104677240702
693,0.6981009435079154,436,0.6612104677240702
694,0.7235519190281328,228,0.6092031927642497
695,0.7235519190281328,228,0.280229965794914
696,0.6338437798107446,81,0.311273065165802
697,0.6338437798107446,81,0.526396745553638
698,0.8426436298611674,394,0.9134451236985328
699,0.8426436298611674,394,0.1048920350751572
700,0.7797717851483894,230,0.8514126918788193
701,0.7797717851483894,230,0.2971407843981972
702,0.8673835715859989,132,0.8302725899368986
703,0.8673835715859989,132,0.0539604609757578
704,0.8948577521069471,126,0.521339063168943
705,0.8948577521069471,126,0.521339063168943
706,0.6414526928199057,326,0.8021731448682079
707,0.6414526928199057,326,0.2513170265980319
708,0.8812185939526124,141,0.8544021590032121
709,0.8812185939526124,141,0.3082050771729002
710,0.7214235248796268,479,0.7893091679090025
711,0.7214235248796268,479,0.2122293423686532
712,0.7915065172889418,248,0.6975899920657626
713,0.7915065172889418,248,0.3846146695845323
714,0.7543055252931117,320,0.7297623665450662
715,0.7543055252931117,320,0.3068790233437471
716,0.4605404778577298,122,0.5389285355202835
717,0.4605404778577298,122,0.5389285355202835
718,0.6160612418242075,140,0.1976186766311671
719,0.6160612418242075,140,0.7706091410916015
720,0.7148354855140092,225,0.5753753862255953
721,0.7148354855140092,225,0.2254611198583697
722,0.8568440000311726,39,0.7099485915135875
723,0.8568440000311726,39,0.1469878600783771
724,0.7139079151132255,432,0.69868322967996
725,0.7139079151132255,432,0.3284516057232513
726,0.7128420659283106,403,0.6785074030608212
727,0.7128420659283106,403,0.4066842967968396
728,0.6226970619869099,139,0.5845430929205092
729,0.6226970619869099,139,0.1373187671415571
730,0.7411618534480274,417,0.6034593380794245
731,0.7411618534480274,417,0.2646538575031552
732,0.6924686507852138,163,0.6733130705617341
733,0.6924686507852138,163,0.2287853533826925
734,0.7700462507625233,276,0.4099800639382948
735,0.7700462507625233,276,0.4099800639382948
736,0.7238318669962904,41,0.7101879963203157
737,0.7238318669962904,41,0.1874416789954024
738,0.5291884095956202,70,0.7055277628183678
739,0.5291884095956202,70,0.7055277628183678
740,0.8972549404745681,77,0.676953565044159
741,0.8972549404745681,77,0.2744512409970994
742,0.7050030472162064,118,0.633867501941343
743,0.7050030472162064,118,0.3285368997148098
744,0.2766953321492333,404,0.3031455875336933
745,0.2766953321492333,404,0.3031455875336933
746,0.5768056823400834,78,0.6917441839687091
747,0.5768056823400834,78,0.6917441839687091
748,0.8374445065838132,420,0.6919471962622581
749,0.8374445065838132,420,0.3141420544215388
750,0.4760156932495151,32,0.8300344782067065
751,0.4760156932495151,32,0.8300344782067065
752,0.7045393124161129,390,0.3169928196294869
753,0.7045393124161129,390,0.798026998691554
754,0.6324051890856192,208,0.6977332485319664
755,0.6324051890856192,208,0.4398966702562836
756,0.7213216865995244,465,0.8057247720814901
757,0.7213216865995244,465,0.2839578088181108
758,0.7800208922623165,277,0.8194242663671484
759,0.7800208922623165,277,0.2864995923604612
760,0.8154795373271739,424,0.2682356484460205
761,0.8154795373271739,424,0.6888295642732966
762,0.6650753928503226,323,0.927197040816478
763,0.6650753928503226,323,0.2702767824536054
764,0.7059801660546314,31,0.808208624595658
765,0.7059801660546314,31,0.2339265790056253
766,0.7003717697511535,105,0.5833959144252093
767,0.7003717697511535,105,0.4866043377675391
768,0.7252760249010901,446,0.6188128846926774
769,0.7252760249010901,446,0.3780882520917965
770,0.7483331996080138,199,0.7187114108984518
771,0.7483331996080138,199,0.4529829748853436
772,0.2458129680937133,299,0.5363688743893329
773,0.2458129680937133,299,0.5363688743893329
774,0.6486584533738851,10,0.6967897040754881
775,0.6486584533738851,10,0.2577062393039578
776,0.5603661355385667,388,0.3094178994112385
777,0.5603661355385667,388,0.6075584528313789
778,0.7086992246271787,444,0.3807047446450325
779,0.7086992246271787,444,0.6681056892608718
780,0.6174297799827672,244,0.751785555722142
781,0.6174297799827672,244,0.3872738073255286
782,0.6398394266589507,3,0.2518866783090824
783,0.6398394266589507,3,0.6983863671943228
784,0.8164872017130935,180,0.7780150051758283
785,0.8164872017130935,180,0.1574942005437578
786,0.4627932697368662,152,0.4061329159557584
787,0.4627932697368662,152,0.4061329159557584
788,0.8293609045970429,314,0.6702156676278871
789,0.8293609045970429,314,0.250646971027712
790,0.7113045534248962,214,0.1975170879632856
791,0.7113045534248962,214,0.8080911162051786
792,0.8228754770147321,476,0.7257033682719563
793,0.8228754770147321,476,0.228337589074296
794,0.6243274760914664,279,0.2545324874182828
795,0.6243274760914664,279,0.7525506647871938
796,0.7077100839209413,374,0.7036980395472333
797,0.7077100839209413,374,0.2500926466594425
798,0.7972237321542727,249,0.8398137506441747
799,0.7972237321542727,249,0.1798560259532357
800,0.5622608379265952,29,0.6062762975323028
801,0.5622608379265952,29,0.6062762975323028
802,0.18320368818013,123,0.2520800885217805
803,0.18320368818013,123,0.6125743451808936
804,0.319718768793618,375,0.3319144647296302
805,0.319718768793618,375,0.624919362014124
806,0.3060968009169622,417,0.6034593380794245
807,0.3060968009169622,417,0.2646538575031552
808,0.2905015724590347,43,0.6021616910669665
809,0.2905015724590347,43,0.3278637900860791
810,0.2054843620431111,248,0.6975899920657626
811,0.2054843620431111,248,0.3846146695845323
812,0.2921743284798281,423,0.6263663852076643
813,0.2921743284798281,423,0.2544894585975663
814,0.172595932137125,272,0.2914390295596253
815,0.172595932137125,272,0.8274386181012209
816,0.2798796102305841,64,0.2881355406034692
817,0.2798796102305841,64,0.7417467207300042
818,0.2535429093975611,65,0.5779934123763567
819,0.2535429093975611,65,0.3341978536099908
820,0.3381309431472802,243,0.8087558262698282
821,0.3381309431472802,243,0.3345425413669768
822,0.3338279884870359,281,0.1424115204713839
823,0.3338279884870359,281,0.8004131374596448
824,0.5440974461629483,84,0.4358877964202304
825,0.5440974461629483,84,0.4358877964202304
826,0.2163024187291354,365,0.3011256261032465
827,0.2163024187291354,365,0.6966579055051749
828,0.3435366487288581,337,0.7073752819705684
829,0.3435366487288581,337,0.2649604564476331
830,0.2692206263110528,344,0.7827692749838285
831,0.2692206263110528,344,0.3944752232058834
832,0.2701265761286305,372,0.2936618072793101
833,0.2701265761286305,372,0.7029051789570008
834,0.449247243362574,310,0.6342343244341033
835,0.449247243362574,310,0.3855403043733444
836,0.5680430374895822,102,0.7108901885419249
837,0.5680430374895822,102,0.7108901885419249
838,0.2916959266941924,159,0.3297413212369459
839,0.2916959266941924,159,0.775143852684241
840,0.1046537771233541,356,0.8287007501666966
841,0.1046537771233541,356,0.1753946270909938
842,0.2689196520096832,312,0.714810424805841
843,0.2689196520096832,312,0.2904711360098744
844,0.3765442168374233,224,0.4013773008115573
845,0.3765442168374233,224,0.832450832251301
846,0.6329511331831302,264,0.3975817678827094
847,0.6329511331831302,264,0.3975817678827094
848,0.3190988263980231,231,0.3271851976849162
849,0.3190988263980231,231,0.7875583626105912
850,0.5966515333995487,61,0.7164839181089668
851,0.5966515333995487,61,0.7164839181089668
852,0.7559716677505431,363,0.5326843087814941
853,0.7559716677505431,363,0.5326843087814941
854,0.1942280976746464,115,0.7302268421709489
855,0.1942280976746464,115,0.2914799885640883
856,0.3181721542602543,342,0.4568145628420139
857,0.3181721542602543,342,0.4568145628420139
858,0.6019186385004827,173,0.3949556708859242
859,0.6019186385004827,173,0.3949556708859242
860,0.1457802804223417,10,0.6967897040754881
861,0.1457802804223417,10,0.2577062393039578
862,0.2937778023554136,382,0.3768537820298605
863,0.2937778023554136,382,0.8154433423882603
864,0.4511985826113218,354,0.3296045959002088
865,0.4511985826113218,354,0.6444018696080203
866,0.1181958293473037,461,0.1412223360312358
867,0.1181958293473037,461,0.6386341766145568
868,0.3483143830438521,400,0.2430635780524336
869,0.3483143830438521,400,0.7441744297999334
870,0.8934539854025675,30,0.5518263096491622
871,0.8934539854025675,30,0.5518263096491622
872,0.3966503270763212,268,0.362835305431716
873,0.3966503270763212,268,0.7661618810369326
874,0.2728332348128154,34,0.2315922764369192
875,0.2728332348128154,34,0.5144383474819585
876,0.3940760742069614,381,0.3456665218953002
877,0.3940760742069614,381,0.8027710886744516
878,0.2495213709621082,169,0.5857611405496633
879,0.2495213709621082,169,0.2667510574425243
880,0.1634694846917726,265,0.776755940391439
881,0.1634694846917726,265,0.0618001412647331
882,0.3661293059262359,121,0.493645023495412
883,0.3661293059262359,121,0.493645023495412
884,0.5273306957064408,440,0.5226283961747438
885,0.5273306957064408,440,0.5226283961747438
886,0.2377631423926304,294,0.7493069024655332
887,0.2377631423926304,294,0.189376919565727
888,0.3803727595159927,109,0.6996237586408464
889,0.3803727595159927,109,0.2707320763289655
890,0.3234434112630733,451,0.8989492243517947
891,0.3234434112630733,451,0.2730593676323005
892,0.1711296496973341,491,0.7771975043345937
893,0.1711296496973341,491,0.1606657180506824
894,0.1995142391808159,484,0.3464267031858353
895,0.1995142391808159,484,0.7382430707390517
896,0.1908283532826724,421,0.2765549749295243
897,0.1908283532826724,421,0.7524317274721871
898,0.3236209471910788,225,0.5753753862255953
899,0.3236209471910788,225,0.2254611198583697
900,0.3083442834931683,146,0.8168877081950301
901,0.3083442834931683,146,0.3796281468794193
902,0.3689763202966534,147,0.6490927524455421
903,0.3689763202966534,147,0.6490927524455421
904,0.3150144133556624,477,0.3011072739759023
905,0.3150144133556624,477,0.7623567652548033
906,0.2301194534732474,62,0.7773266414780133
907,0.2301194534732474,62,0.2470298749894585
908,0.5636805889397735,200,0.7469215742229828
909,0.5636805889397735,200,0.7469215742229828
910,0.3694749543994881,247,0.3833497432830444
911,0.3694749543994881,247,0.5918211232818185
912,0.2131462638788759,206,0.8202288415889164
913,0.2131462638788759,206,0.2661035482743563
914,0.3353201519615116,104,0.2301868020395856
915,0.3353201519615116,104,0.8407363877894375
916,0.2678023850413394,48,0.2640776357663019
917,0.2678023850413394,48,0.8220938326182824
918,0.2978431561737404,402,0.6879497148405956
919,0.2978431561737404,402,0.3491567790360645
920,0.4772485243188892,240,0.6319720343484183
921,0.4772485243188892,240,0.6319720343484183
922,0.3894968145039491,168,0.2439707612401027
923,0.3894968145039491,168,0.7819729501653813
924,0.6044230528715222,452,0.7044922931733618
925,0.6044230528715222,452,0.7044922931733618
926,0.3063357901956022,90,0.8523082450223046
927,0.3063357901956022,90,0.2742008761211268
928,0.2902129085325629,371,0.2789964770977601
929,0.2902129085325629,371,0.7064339693149708
930,0.1808442867002043,105,0.5833959144252093
931,0.1808442867002043,105,0.4866043377675391
932,0.2112900425885802,416,0.230873811596274
933,0.2112900425885802,416,0.8148873288809549
934,0.1517162846280044,221,0.269517521789949
935,0.1517162846280044,221,0.734690533853944
936,0.6745245517547093,410,0.26200507935137
937,0.6745245517547093,410,0.26200507935137
938,0.1843563198707544,475,0.2660368604466374
939,0.1843563198707544,475,0.7962968032382916
940,0.6076230527605626,450,0.6522443219916226
941,0.6076230527605626,450,0.6522443219916226
942,0.2775900975477717,167,0.7553409214784077
943,0.2775900975477717,167,0.1886443917004866
944,0.2368121013374197,307,0.1860617716352596
945,0.2368121013374197,307,0.8445307925359404
946,0.3440836470768074,25,0.5317354948077025
947,0.3440836470768074,25,0.3961397536593326
948,0.2004717871822822,481,0.3020457086454504
949,0.2004717871822822,481,0.3020457086454504
950,0.2393174874807841,103,0.2724057490907677
951,0.2393174874807841,103,0.7865288975914744
952,0.1685598249091805,361,0.3039277892894503
953,0.1685598249091805,361,0.7704700788370308
954,0.1557532428606682,86,0.8244243042139205
955,0.1557532428606682,86,0.2258417731672731
956,0.2297452652680526,469,0.2907592952607027
957,0.2297452652680526,469,0.7560836193197715
958,0.1965891643604696,220,0.640954249113256
959,0.1965891643604696,220,0.333972399691483
960,0.5646168034366011,27,0.6087876660152918
961,0.5646168034366011,27,0.6087876660152918
962,0.2461908833116243,435,0.5509586889922296
963,0.2461908833116243,435,0.1844711021745006
964,0.3785161827704476,446,0.6188128846926774
965,0.3785161827704476,446,0.3780882520917965
966,0.4208744154688832,241,0.3525814631007629
967,0.4208744154688832,241,0.683782702304568
968,0.3410989369180063,378,0.3077640377259994
969,0.3410989369180063,378,0.6605587103166723
970,0.2445490449033779,493,0.680630275496777
971,0.2445490449033779,493,0.3608840902358301
972,0.4560265709088433,293,0.5746158735838546
973,0.4560265709088433,293,0.5746158735838546
974,0.446235075180303,437,0.4474849247045351
975,0.446235075180303,437,0.4474849247045351
976,0.2199202594315593,385,0.7934460676391678
977,0.2199202594315593,385,0.2373238506407289
978,0.2826707840212933,364,0.2511304353717628
979,0.2826707840212933,364,0.7663161948473095
980,0.2960708902857115,118,0.633867501941343
981,0.2960708902857115,118,0.3285368997148098
982,0.2744881552675137,218,0.8513470766846918
983,0.2744881552675137,218,0.2037766144189605
984,0.6714623357597261,19,0.5276600624618507
985,0.6714623357597261,19,0.5276600624618507
986,0.2636819910247871,113,0.3179620247663011
987,0.2636819910247871,113,0.8100390107159271
988,0.1778199253788018,495,0.2198857972701079
989,0.1778199253788018,495,0.786061060927611
990,0.4109872819738956,226,0.6751158834109869
991,0.4109872819738956,226,0.3407784735516043
992,0.1666206988880819,497,0.2513252995203738
993,0.1666206988880819,497,0.6355020310967666
994,0.2023542038521858,384,0.7008643039291538
995,0.2023542038521858,384,0.3393067056687045
996,0.3670864371149805,254,0.4741385097340414
997,0.3670864371149805,254,0.6461052495745552
998,0.3193000463513998,266,0.5696841544123963
999,0.3193000463513998,266,0.3019532117224851
1000,0.7264413558167562,301,0.2801974143437802
1001,0.7264413558167562,301,0.7935562687726141
1002,0.7196001227276195,478,0.3296749648781717
1003,0.7196001227276195,478,0.6957929616694268
1004,0.2004717871822822,481,0.3020457086454504
1005,0.2004717871822822,481,0.3020457086454504
1006,0.7739001550435084,471,0.6078300801141466
1007,0.7739001550435084,471,0.3842406527192633
1008,0.7581084476611409,14,0.6237408197218238
1009,0.7581084476611409,14,0.2453301838082382
1010,0.8319659088182729,498,0.332510574974978
1011,0.8319659088182729,498,0.6801831603097329
1012,0.7065957894531504,172,0.3092684426796658
1013,0.7065957894531504,172,0.7090344795340338
1014,0.446235075180303,437,0.4474849247045351
1015,0.446235075180303,437,0.4474849247045351
1016,0.5440974461629483,84,0.4358877964202304
1017,0.5440974461629483,84,0.4358877964202304
1018,0.7600275242446657,239,0.4549832773938529
1019,0.7600275242446657,239,0.6767449714887194
1020,0.7570308122861656,448,0.6448627943846816
1021,0.7570308122861656,448,0.2692400902644811
1022,0.6431747275020548,273,0.2383052541082385
1023,0.6431747275020548,273,0.7636730440683546
1024,0.7171927958553215,13,0.2471948001678361
1025,0.7171927958553215,13,0.7481070948530424
1026,0.7764078479791158,201,0.7224860711220447
1027,0.7764078479791158,201,0.3468655742519421
1028,0.7370745411686669,287,0.3125823085698775
1029,0.7370745411686669,287,0.6862477252816384
1030,0.7608864635328558,42,0.6879913414041554
1031,0.7608864635328558,42,0.3871820436247155
1032,0.801994858548872,219,0.2998752489750896
1033,0.801994858548872,219,0.6563365136748788
1034,0.7855339376310806,69,0.6791575583671146
1035,0.7855339376310806,69,0.2505731498707371
1036,0.7421288552751258,236,0.1504333771026806
1037,0.7421288552751258,236,0.7103421683331873
1038,0.740644278695267,93,0.7067415187239476
1039,0.740644278695267,93,0.3451107737027736
1040,0.5949213165818596,369,0.7405847587824286
1041,0.5949213165818596,369,0.2356106150077729
1042,0.716432515366587,133,0.7242313878662602
1043,0.716432515366587,133,0.2327020191419422
1044,0.7129497857031648,427,0.1970349820629365
1045,0.7129497857031648,427,0.4723660877042973
1046,0.71865423266384,453,0.6092526457798131
1047,0.71865423266384,453,0.1567464119894866
1048,0.6966289470222257,108,0.3305768132948701
1049,0.6966289470222257,108,0.7453257733710263
1050,0.7870837931266896,232,0.3972027978220726
1051,0.7870837931266896,232,0.7983385539700345
1052,0.7170799338514218,332,0.3301543610003248
1053,0.7170799338514218,332,0.6436539735136843
1054,0.4560265709088433,293,0.5746158735838546
1055,0.4560265709088433,293,0.5746158735838546
1056,0.3181721542602543,342,0.4568145628420139
1057,0.3181721542602543,342,0.4568145628420139
1058,0.7785251296207143,142,0.2924136292134301
1059,0.7785251296207143,142,0.7028176506169135
1060,0.5273306957064408,440,0.5226283961747438
1061,0.5273306957064408,440,0.5226283961747438
1062,0.7899971535856894,129,0.7320301719964264
1063,0.7899971535856894,129,0.3122881316741286
1064,0.5917915090067833,331,0.4811764045080151
1065,0.5917915090067833,331,0.6377506383848857
1066,0.4772485243188892,240,0.6319720343484183
1067,0.4772485243188892,240,0.6319720343484183
1068,0.7103958644951442,9,0.2373954139240216
1069,0.7103958644951442,9,0.5872203560626684
1070,0.6893270671528838,26,0.665609525398821
1071,0.6893270671528838,26,0.3396545089532511
1072,0.5753659713016014,179,0.6099639122320257
1073,0.5753659713016014,179,0.3322814986552854
1074,0.696387159234879,114,0.307585445384172
1075,0.696387159234879,114,0.6046934614129197
1076,0.797713436137171,467,0.3326835181897519
1077,0.797713436137171,467,0.718555027651777
1078,0.732210698057827,20,0.7215457001084675
1079,0.732210698057827,20,0.3330458607740362
1080,0.6775703323511867,15,0.1759274523140397
1081,0.6775703323511867,15,0.780602424367741
1082,0.6405645427806215,347,0.2159942774709796
1083,0.6405645427806215,347,0.7556827666956987
1084,0.5680430374895822,102,0.7108901885419249
1085,0.5680430374895822,102,0.7108901885419249
1086,0.6732480726667556,393,0.5967951113171757
1087,0.6732480726667556,393,0.3151955034320694
1088,0.7407073283283031,443,0.6693798867623834
1089,0.7407073283283031,443,0.3453399204587706
1090,0.5966515333995487,61,0.7164839181089668
1091,0.5966515333995487,61,0.7164839181089668
1092,0.8832612932355559,408,0.7697654861483872
1093,0.8832612932355559,408,0.1540566883683085
1094,0.3661293059262359,121,0.493645023495412
1095,0.3661293059262359,121,0.493645023495412
1096,0.6415881951358905,334,0.7284082709805729
1097,0.6415881951358905,334,0.2789104624694675
1098,0.5622608379265952,29,0.6062762975323028
1099,0.5622608379265952,29,0.6062762975323028
1100,0.695932025150395,144,0.7710607403920863
1101,0.695932025150395,144,0.3904556519711365
1102,0.7901045977199883,418,0.7672875911758977
1103,0.7901045977199883,418,0.3322146962429365
1104,0.585053898073516,499,0.2222045368636571
1105,0.585053898073516,499,0.6465445206136551
1106,0.7089216539557927,119,0.1656390567123474
1107,0.7089216539557927,119,0.7479726154417613
1108,0.6745245517547093,410,0.26200507935137
1109,0.6745245517547093,410,0.26200507935137
1110,0.6972033385576507,289,0.717293751449792
1111,0.6972033385576507,289,0.3107958889151554
1112,0.8510063651573369,327,0.250177422962263
1113,0.8510063651573369,327,0.5659278172527904
1114,0.7912293594861061,94,0.7254673385774685
1115,0.7912293594861061,94,0.3548803706412492
1116,0.7081615191633056,284,0.6986220521080163
1117,0.7081615191633056,284,0.2151733164171568
1118,0.6029745782042657,433,0.2587813759834872
1119,0.6029745782042657,433,0.6898296201652686
1120,0.7011508607683018,429,0.2214045336567715
1121,0.7011508607683018,429,0.8127898823808904
1122,0.8380392013927888,191,0.4116576686636382
1123,0.8380392013927888,191,0.5125646356727919
1124,0.7149144458342275,183,0.3710394778214523
1125,0.7149144458342275,183,0.6857079295998526
1126,0.5726193994889143,250,0.3035412061775439
1127,0.5726193994889143,250,0.7606106394202805
1128,0.7873654434752673,311,0.2221102471301468
1129,0.7873654434752673,311,0.605255439298326
1130,0.7418611900578451,454,0.2387685166776344
1131,0.7418611900578451,454,0.8135413699809112
1132,0.7085608707283264,267,0.7282458799310874
1133,0.7085608707283264,267,0.3332762295550492
1134,0.8393742522454046,79,0.4001664208848874
1135,0.8393742522454046,79,0.7277137989173171
1136,0.5646168034366011,27,0.6087876660152918
1137,0.5646168034366011,27,0.6087876660152918
1138,0.7633504998625958,148,0.2651448926158166
1139,0.7633504998625958,148,0.753376847218335
1140,0.7172809611955231,6,0.7094597598930662
1141,0.7172809611955231,6,0.2156908571253122
1142,0.8261423774576692,274,0.3959580833184972
1143,0.8261423774576692,274,0.680513001301643
1144,0.3689763202966534,147,0.6490927524455421
1145,0.3689763202966534,147,0.6490927524455421
1146,0.6019186385004828,173,0.3949556708859242
1147,0.6019186385004828,173,0.3949556708859242
1148,0.7832610815480266,96,0.6324627867491477
1149,0.7832610815480266,96,0.3736108669914723
1150,0.7653853211994303,399,0.2022146487297762
1151,0.7653853211994303,399,0.6610074934575596
1152,0.7559716677505431,363,0.5326843087814941
1153,0.7559716677505431,363,0.5326843087814941
1154,0.7022056096471091,50,0.6223459430992192
1155,0.7022056096471091,50,0.4014787748218325
1156,0.6714623357597261,19,0.5276600624618507
1157,0.6714623357597261,19,0.5276600624618507
1158,0.6076230527605626,450,0.6522443219916226
1159,0.6076230527605626,450,0.6522443219916226
1160,0.6795368602788081,496,0.336303638386171
1161,0.6795368602788081,496,0.7052529976283263
1162,0.649462120978497,318,0.5853205092841579
1163,0.649462120978497,318,0.3171698062853107
1164,0.6019521946949171,463,0.2586690597123032
1165,0.6019521946949171,463,0.6217137475502295
1166,0.7594331776224709,366,0.2463077133360432
1167,0.7594331776224709,366,0.866411401229286
1168,0.6329511331831302,264,0.3975817678827094
1169,0.6329511331831302,264,0.3975817678827094
1170,0.7473173743006206,178,0.6117372634232087
1171,0.7473173743006206,178,0.4009317433328798
1172,0.718826142364599,488,0.5567755739006779
1173,0.718826142364599,488,0.5670646003919271
1174,0.8287799855187664,329,0.3194370828726003
1175,0.8287799855187664,329,0.7656859485533913
1176,0.5258168757965489,175,0.8847778096522673
1177,0.5258168757965489,175,0.1689553393509055
1178,0.7667350521510928,458,0.3773849087223228
1179,0.7667350521510928,458,0.6791790654623628
1180,0.6044230528715222,452,0.7044922931733618
1181,0.6044230528715222,452,0.7044922931733618
1182,0.8934539854025675,30,0.5518263096491622
1183,0.8934539854025675,30,0.5518263096491622
1184,0.7870012877177537,203,0.7278092742272191
1185,0.7870012877177537,203,0.3150393284868569
1186,0.7540484355830788,300,0.6871307430399256
1187,0.7540484355830788,300,0.297416762372282
1188,0.5636805889397735,200,0.7469215742229828
1189,0.5636805889397735,200,0.7469215742229828
1190,0.7831759892756847,256,0.2793120370823312
1191,0.7831759892756847,256,0.6943496505589231
1192,0.7247699241004171,88,0.7509711202432369
1193,0.7247699241004171,88,0.3798285581941287
1194,0.6186101161412665,136,0.2973258336376662
1195,0.6186101161412665,136,0.7590094534829076
1196,0.7076982184068445,325,0.2806587890464243
1197,0.7076982184068445,325,0.8492989731556889
1198,0.5561929403448318,321,0.2783412273069599
1199,0.5561929403448318,321,0.7342269704984591
1200,0.4428289694437078,422,0.7720146510491562
1201,0.4428289694437078,422,0.279045009949599
1202,0.569862966759746,192,0.6088682686122436
1203,0.569862966759746,192,0.6088682686122436
1204,0.3333437738474012,60,0.2288678372229145
1205,0.3333437738474012,60,0.7151205652780777
1206,0.2946403086438743,42,0.6879913414041554
1207,0.2946403086438743,42,0.3871820436247155
1208,0.2161923154273827,242,0.6966679891718274
1209,0.2161923154273827,242,0.1257530724001027
1210,0.2692908226633813,124,0.7156385883077555
1211,0.2692908226633813,124,0.3541456222576487
1212,0.2759740575534637,457,0.4383414584631146
1213,0.2759740575534637,457,0.4383414584631146
1214,0.2951663944473235,318,0.5853205092841579
1215,0.2951663944473235,318,0.3171698062853107
1216,0.6235762422916152,288,0.6517686498945534
1217,0.6235762422916152,288,0.6517686498945534
1218,0.1380176307073473,339,0.7073911551002622
1219,0.1380176307073473,339,0.2647223922829426
1220,0.2633709997072809,196,0.7864708511684165
1221,0.2633709997072809,196,0.235746403814814
1222,0.28009150324669,97,0.6389222204019807
1223,0.28009150324669,97,0.1490723084399837
1224,0.1371909377115427,476,0.7257033682719563
1225,0.1371909377115427,476,0.228337589074296
1226,0.3164694637989144,99,0.6420731666186266
1227,0.3164694637989144,99,0.3237919335940913
1228,0.3075661848773039,67,0.3523760380153756
1229,0.3075661848773039,67,0.5860056085532149
1230,0.2519708872262482,420,0.6919471962622581
1231,0.2519708872262482,420,0.3141420544215388
1232,0.4585124663727696,472,0.2329655318429715
1233,0.4585124663727696,472,0.2329655318429715
1234,0.3478891558424011,212,0.757813297779039
1235,0.3478891558424011,212,0.1587954807964135
1236,0.2658118734892057,178,0.6117372634232087
1237,0.2658118734892057,178,0.4009317433328798
1238,0.2459505203959598,257,0.3272983314206679
1239,0.2459505203959598,257,0.7213098179734627
1240,0.3127438970775066,460,0.8359922283021883
1241,0.3127438970775066,460,0.2841794817379193
1242,0.2581436728397271,391,0.8947997707090237
1243,0.2581436728397271,391,0.1590076638792935
1244,0.1609595595618298,39,0.7099485915135875
1245,0.1609595595618298,39,0.1469878600783771
1246,0.1691549420699483,284,0.6986220521080163
1247,0.1691549420699483,284,0.2151733164171568
1248,0.2386957648459362,75,0.8657712180157742
1249,0.2386957648459362,75,0.2034378832641541
1250,0.22649703479295,55,0.6777166551880592
1251,0.22649703479295,55,0.2855952701649842
1252,0.2390849433972619,14,0.6237408197218238
1253,0.2390849433972619,14,0.2453301838082382
1254,0.228418470440074,418,0.7672875911758977
1255,0.228418470440074,418,0.3322146962429365
1256,0.2573753377257873,201,0.7224860711220447
1257,0.2573753377257873,201,0.3468655742519421
1258,0.1601103396053634,190,0.3205432705637156
1259,0.1601103396053634,190,0.7222332463972285
1260,0.2177458946607713,398,0.6790427881859158
1261,0.2177458946607713,398,0.2076180310623382
1262,0.3647152733313127,387,0.2563982152740263
1263,0.3647152733313127,387,0.5771088654540685
1264,0.1489584841242494,203,0.7278092742272191
1265,0.1489584841242494,203,0.3150393284868569
1266,0.0528052105620673,149,0.1424624896377155
1267,0.0528052105620673,149,0.8251143453601699
1268,0.3199889935456033,300,0.6871307430399256
1269,0.3199889935456033,300,0.297416762372282
1270,0.434454828787001,336,0.3479336981717237
1271,0.434454828787001,336,0.6832617420218742
1272,0.3032745593076518,286,0.5587729297842529
1273,0.3032745593076518,286,0.2645095370170953
1274,0.241938653956304,296,0.6295304798708856
1275,0.241938653956304,296,0.4792627217992561
1276,0.2725764009462155,238,0.7606067633574419
1277,0.2725764009462155,238,0.2711143837556856
1278,0.1164106383017556,130,0.7928438114453007
1279,0.1164106383017556,130,0.1997791562316775
1280,0.2165695417346827,20,0.7215457001084675
1281,0.2165695417346827,20,0.3330458607740362
1282,0.2716564429895488,448,0.6448627943846816
1283,0.2716564429895488,448,0.2692400902644811
1284,0.388739662646021,17,0.7375561702606181
1285,0.388739662646021,17,0.7375561702606181
1286,0.1690085776725343,317,0.491827770769979
1287,0.1690085776725343,317,0.3137320623676177
1288,0.2872868291883276,465,0.8057247720814901
1289,0.2872868291883276,465,0.2839578088181108
1290,0.2339326834439368,341,0.5871068091685698
1291,0.2339326834439368,341,0.2652843656476376
1292,0.1460128566704596,277,0.8194242663671484
1293,0.1460128566704596,277,0.2864995923604612
1294,0.3231000852726904,432,0.69868322967996
1295,0.3231000852726904,432,0.3284516057232513
1296,0.2650315248552535,145,0.5755771546246629
1297,0.2650315248552535,145,0.5230583547202622
1298,0.3188126031049634,208,0.6977332485319664
1299,0.3188126031049634,208,0.4398966702562836
1300,0.3961769683339947,466,0.7076494068558494
1301,0.3961769683339947,466,0.2557021284132442
1302,0.2405503557189299,269,0.1773929887858575
1303,0.2405503557189299,269,0.7610406885209532
1304,0.3290248251209504,280,0.7589663997765607
1305,0.3290248251209504,280,0.1944069306522997
1306,0.2275912790122061,406,0.7558229957246209
1307,0.2275912790122061,406,0.1681129076490808
1308,0.2665825839370997,144,0.7710607403920863
1309,0.2665825839370997,144,0.3904556519711365
1310,0.1053000808951492,133,0.7242313878662602
1311,0.1053000808951492,133,0.2327020191419422
1312,0.4208178252509343,179,0.6099639122320257
1313,0.4208178252509343,179,0.3322814986552854
1314,0.7870213776071927,66,0.6760149407627204
1315,0.7870213776071927,66,0.6760149407627204
1316,0.3784662486451016,449,0.539520648934306
1317,0.3784662486451016,449,0.6259664877379522
1318,0.513600238050468,143,0.3128114703281401
1319,0.513600238050468,143,0.3128114703281401
1320,0.2365924828352181,471,0.6078300801141466
1321,0.2365924828352181,471,0.3842406527192633
1322,0.3347071485050735,351,0.7381816562278676
1323,0.3347071485050735,351,0.2884822535753197
1324,0.22869135843339,314,0.6702156676278871
1325,0.22869135843339,314,0.250646971027712
1326,0.2725543834318134,253,0.6399534752250075
1327,0.2725543834318134,253,0.3129379104197569
1328,0.2750651000198262,76,0.379870756366854
1329,0.2750651000198262,76,0.7209636575711886
1330,0.1758995896779694,263,0.5219153887945137
1331,0.1758995896779694,263,0.410425950058836
1332,0.2310500181788153,488,0.5567755739006779
1333,0.2310500181788153,488,0.5670646003919271
1334,0.3903592759395846,18,0.3289790097700421
1335,0.3903592759395846,18,0.670642661928707
1336,0.3253063413092336,2,0.7058712659330744
1337,0.3253063413092336,2,0.0997074116437596
1338,0.4056277377229901,322,0.6903214931415216
1339,0.4056277377229901,322,0.1984674640336666
1340,0.1975250505967003,324,0.7006017755872747
1341,0.1975250505967003,324,0.1787662067755241
1342,0.1249178874566703,132,0.8302725899368986
1343,0.1249178874566703,132,0.0539604609757578
1344,0.22999067862152,198,0.225713411400924
1345,0.22999067862152,198,0.7683605413006674
1346,0.1722626314429416,291,0.705341234914211
1347,0.1722626314429416,291,0.319293846550459
1348,0.1485378781740819,401,0.2835489421830245
1349,0.1485378781740819,401,0.7258401163572955
1350,0.4032813174481207,261,0.685929215922388
1351,0.4032813174481207,261,0.2020338389604956
1352,0.1713006479145688,233,0.6878155148932388
1353,0.1713006479145688,233,0.2181295636704901
1354,0.6905867294493842,485,0.3583932169221193
1355,0.6905867294493842,485,0.3583932169221193
1356,0.3061420971858691,267,0.7282458799310874
1357,0.3061420971858691,267,0.3332762295550492
1358,0.1753743896573734,8,0.2338360734100016
1359,0.1753743896573734,8,0.7127306637509875
1360,0.2201819013710098,244,0.751785555722142
1361,0.2201819013710098,244,0.3872738073255286
1362,0.2728377352300645,31,0.808208624595658
1363,0.2728377352300645,31,0.2339265790056253
1364,0.3297452423088163,158,0.7242040491365966
1365,0.3297452423088163,158,0.3420942227752068
1366,0.4579165751471516,428,0.2961062558513135
1367,0.4579165751471516,428,0.2961062558513135
1368,0.1965844335254457,489,0.2723891748350854
1369,0.1965844335254457,489,0.6611413768902169
1370,0.3930653166358934,348,0.4111314171016031
1371,0.3930653166358934,348,0.4111314171016031
1372,0.0927971333351359,106,0.0759577520128307
1373,0.0927971333351359,106,0.7092758610041723
1374,0.2348658982026543,69,0.6791575583671146
1375,0.2348658982026543,69,0.2505731498707371
1376,0.2425019063462438,392,0.1008902655819252
1377,0.2425019063462438,392,0.759289001007265
1378,0.2977940513478047,38,0.283665925154985
1379,0.2977940513478047,38,0.6976551236977682
1380,0.5086982308883624,313,0.7774305900965927
1381,0.5086982308883624,313,0.3208387908424611
1382,0.303710171172005,153,0.7507452878984509
1383,0.303710171172005,153,0.460458668707133
1384,0.2474087044951775,393,0.5967951113171757
1385,0.2474087044951775,393,0.3151955034320694
1386,0.1968105761410759,171,0.7644983565483283
1387,0.1968105761410759,171,0.2857112831193981
1388,0.2447774802148513,323,0.927197040816478
1389,0.2447774802148513,323,0.2702767824536054
1390,0.1852934141156737,85,0.2146780420102885
1391,0.1852934141156737,85,0.7186855681568416
1392,0.2314534697887794,353,0.2458693447806768
1393,0.2314534697887794,353,0.7351426709121642
1394,0.2236700304350078,237,0.7908210040905495
1395,0.2236700304350078,237,0.1576884717169903
1396,0.3399691812857031,362,0.6659062083614479
1397,0.3399691812857031,362,0.3939735390579003
1398,0.1757683997233753,230,0.8514126918788193
1399,0.1757683997233753,230,0.2971407843981972
1400,0.4579165751471516,428,0.2961062558513135
1401,0.4579165751471516,428,0.2961062558513135
1402,0.388739662646021,17,0.7375561702606181
1403,0.388739662646021,17,0.7375561702606181
1404,0.6655478064121706,268,0.362835305431716
1405,0.6655478064121706,268,0.7661618810369326
1406,0.6735492114155316,165,0.3343146028644717
1407,0.6735492114155316,165,0.68950279951858
1408,0.7293761228524369,87,0.241703605640572
1409,0.7293761228524369,87,0.7251641684653208
1410,0.8194194684163746,308,0.1722543464467077
1411,0.8194194684163746,308,0.6615562011773541
1412,0.8317507510372488,431,0.168868659425355
1413,0.8317507510372488,431,0.8561270107490925
1414,0.6622331446342424,395,0.3521484573210151
1415,0.6622331446342424,395,0.7659343782157666
1416,0.8216763741461817,231,0.3271851976849162
1417,0.8216763741461817,231,0.7875583626105912
1418,0.7069913264840054,110,0.2812760692433263
1419,0.7069913264840054,110,0.6983676955263399
1420,0.6915208562128021,92,0.5692847526607939
1421,0.6915208562128021,92,0.2548054551059653
1422,0.8111032072694397,358,0.6467785474745503
1423,0.8111032072694397,358,0.299040659408871
1424,0.852222539691254,117,0.2062411341226953
1425,0.852222539691254,117,0.8948713069826036
1426,0.6679509868438722,181,0.213256301397692
1427,0.6679509868438722,181,0.5612377559111441
1428,0.7107695084779007,338,0.227901068091205
1429,0.7107695084779007,338,0.7034316521845246
1430,0.7142012820214443,111,0.5025971681953402
1431,0.7142012820214443,111,0.8316905966741319
1432,0.6360134192215078,45,0.5701688141985815
1433,0.6360134192215078,45,0.4272840805442039
1434,0.8032595289256833,278,0.6595525463518861
1435,0.8032595289256833,278,0.1995113859048296
1436,0.7580723501350711,166,0.303967512838053
1437,0.7580723501350711,166,0.7313232903066944
1438,0.6677904426031033,282,0.2741128201325638
1439,0.6677904426031033,282,0.764884512690022
1440,0.7229911884433803,157,0.3833351800405923
1441,0.7229911884433803,157,0.7093618228438163
1442,0.6863156290669215,137,0.2403462428398971
1443,0.6863156290669215,137,0.8296453855697641
1444,0.7995624051901222,123,0.2520800885217805
1445,0.7995624051901222,123,0.6125743451808936
1446,0.7976676687930795,246,0.8527270657671826
1447,0.7976676687930795,246,0.3108647355568465
1448,0.7411126136320274,184,0.5802935892520494
1449,0.7411126136320274,184,0.2834940641557689
1450,0.7233748006692888,430,0.2861954054918998
1451,0.7233748006692888,430,0.7227643711106647
1452,0.8271528094043051,364,0.2511304353717628
1453,0.8271528094043051,364,0.7663161948473095
1454,0.7931359831576791,82,0.305349171230549
1455,0.7931359831576791,82,0.5735827005309309
1456,0.8021086599746418,216,0.2328847336051337
1457,0.8021086599746418,216,0.8113759246661337
1458,0.6910113247751788,483,0.3533768837537213
1459,0.6910113247751788,483,0.7333693394181383
1460,0.8151874958586034,71,0.2143307119263269
1461,0.8151874958586034,71,0.8306014280965223
1462,0.6952763448929423,400,0.2430635780524336
1463,0.6952763448929423,400,0.7441744297999334
1464,0.8030170795547451,251,0.8314833388940464
1465,0.8030170795547451,251,0.3403176972404552
1466,0.7358955436184741,328,0.2502132964458748
1467,0.7358955436184741,328,0.6392034024581796
1468,0.7254742091629226,411,0.2823270161369654
1469,0.7254742091629226,411,0.7259866783495703
1470,0.8207284628381116,156,0.8133603906788255
1471,0.8207284628381116,156,0.0946027535186432
1472,0.6905867294493842,485,0.3583932169221193
1473,0.6905867294493842,485,0.3583932169221193
1474,0.8643625050556513,414,0.2397067182075851
1475,0.8643625050556513,414,0.6680225286450169
1476,0.8565469789031165,7,0.7600048299001007
1477,0.8565469789031165,7,0.4365248668294968
1478,0.8682891742674446,355,0.2057945794173463
1479,0.8682891742674446,355,0.8158324374027095
1480,0.7856237607838356,83,0.3199745933508371
1481,0.7856237607838356,83,0.6549330554472114
1482,0.9210949067518708,46,0.3372390488365537
1483,0.9210949067518708,46,0.8212676792937186
1484,0.8393058577561977,381,0.3456665218953002
1485,0.8393058577561977,381,0.8027710886744516
1486,0.7348275537151028,415,0.721002804164162
1487,0.7348275537151028,415,0.2648580941973837
1488,0.8484446510961143,495,0.2198857972701079
1489,0.8484446510961143,495,0.786061060927611
1490,0.7870213776071927,66,0.6760149407627204
1491,0.7870213776071927,66,0.6760149407627204
1492,0.7601166945551691,195,0.3125946272650137
1493,0.7601166945551691,195,0.7496905384771836
1494,0.8119698058393898,205,0.3759477672812658
1495,0.8119698058393898,205,0.5952939976319938
1496,0.802126932440826,330,0.1897977770492619
1497,0.802126932440826,330,0.7748034744906109
1498,0.6790570177625503,270,0.2151847475302015
1499,0.6790570177625503,270,0.7347378428772123
1500,0.4585124663727696,472,0.2329655318429715
1501,0.4585124663727696,472,0.2329655318429715
1502,0.3930653166358934,348,0.4111314171016031
1503,0.3930653166358934,348,0.4111314171016031
1504,0.6280982594173542,48,0.2640776357663019
1505,0.6280982594173542,48,0.8220938326182824
1506,0.7850382601653728,21,0.7655679071828343
1507,0.7850382601653728,21,0.2426680779312346
1508,0.7210002404059614,254,0.4741385097340414
1509,0.7210002404059614,254,0.6461052495745552
1510,0.6167412342930364,104,0.2301868020395856
1511,0.6167412342930364,104,0.8407363877894375
1512,0.569862966759746,192,0.6088682686122436
1513,0.569862966759746,192,0.6088682686122436
1514,0.8464667156767265,150,0.2781606880930971
1515,0.8464667156767265,150,0.7985635298400608
1516,0.7385309666522745,350,0.3098167680626106
1517,0.7385309666522745,350,0.7094970352316831
1518,0.7693489856447359,252,0.2465629338770328
1519,0.7693489856447359,252,0.7158097218592817
1520,0.513600238050468,143,0.3128114703281401
1521,0.513600238050468,143,0.3128114703281401
1522,0.6970636546037378,262,0.6285674503628581
1523,0.6970636546037378,262,0.4231257011396735
1524,0.600010753384391,4,0.542422070208144
1525,0.600010753384391,4,0.3430413821368002
1526,0.7515598569345857,396,0.6928481717085616
1527,0.7515598569345857,396,0.2032659998737379
1528,0.7713522757687976,380,0.296756889031105
1529,0.7713522757687976,380,0.7250902624030153
1530,0.7819626327743164,56,0.2447940213584517
1531,0.7819626327743164,56,0.8124061548945939
1532,0.8507264897961068,103,0.2724057490907677
1533,0.8507264897961068,103,0.7865288975914744
1534,0.6235762422916152,288,0.6517686498945534
1535,0.6235762422916152,288,0.6517686498945534
1536,0.7593231566204514,255,0.1810759203653119
1537,0.7593231566204514,255,0.8322617328868959
1538,0.6152378230239001,235,0.3494782164492201
1539,0.6152378230239001,235,0.5469161613463643
1540,0.4979649162600437,445,0.1940968172072645
1541,0.4979649162600437,445,0.7950381553102488
1542,0.6777960260383374,292,0.7384595303662238
1543,0.6777960260383374,292,0.3627472979078546
1544,0.7866078974298012,303,0.7938948027733652
1545,0.7866078974298012,303,0.1815062817543864
1546,0.7582380404967547,95,0.6346789257576329
1547,0.7582380404967547,95,0.2601439773813176
1548,0.7716538261964434,174,0.3303723984497725
1549,0.7716538261964434,174,0.7704967401012998
1550,0.7088995924676441,241,0.3525814631007629
1551,0.7088995924676441,241,0.683782702304568
1552,0.6655827463931505,297,0.7522277497694284
1553,0.6655827463931505,297,0.3256646184369128
1554,0.8286567861387647,441,0.183424196083941
1555,0.8286567861387647,441,0.8871892929804561
1556,0.745688935189553,58,0.1706661707228428
1557,0.745688935189553,58,0.8553610378387637
1558,0.688951505041563,34,0.2315922764369192
1559,0.688951505041563,34,0.5144383474819585
1560,0.7722679906259847,185,0.4419483555443185
1561,0.7722679906259847,185,0.7330183534209127
1562,0.7460351616467877,442,0.7497415657296663
1563,0.7460351616467877,442,0.3577721442472386
1564,0.7065677795936569,281,0.1424115204713839
1565,0.7065677795936569,281,0.8004131374596448
1566,0.2759740575534637,457,0.4383414584631146
1567,0.2759740575534637,457,0.4383414584631146
1568,0.8813920800478516,189,0.33155723175369
1569,0.8813920800478516,189,0.7680059038713386
1570,0.8111238007938918,24,0.2676566520348325
1571,0.8111238007938918,24,0.6666601778995933
1572,0.5718542349297914,40,0.3590439901721985
1573,0.5718542349297914,40,0.6549098909771599
1574,0.6330919422474582,116,0.2440780725335372
1575,0.6330919422474582,116,0.76815865997737
1576,0.8229897065677831,375,0.3319144647296302
1577,0.8229897065677831,375,0.624919362014124
1578,0.83237465143558,357,0.2634709444627348
1579,0.83237465143558,357,0.7145533514061135
1580,0.6433710305462322,333,0.6436048444216543
1581,0.6433710305462322,333,0.1634250720125928
1582,0.8174098630908564,128,0.3151984449713424
1583,0.8174098630908564,128,0.698470119160748
1584,0.7367475516805851,202,0.5097032298614144
1585,0.7367475516805851,202,0.75075229432755
1586,0.6915336040624973,138,0.247817911603946
1587,0.6915336040624973,138,0.6033694186801711
1588,0.8304456654551725,464,0.2576314023686455
1589,0.8304456654551725,464,0.678677310635899
1590,0.8507342809013722,484,0.3464267031858353
1591,0.8507342809013722,484,0.7382430707390517
1592,0.7306056889508735,421,0.2765549749295243
1593,0.7306056889508735,421,0.7524317274721871
1594,0.764471588517924,419,0.7051293949242724
1595,0.764471588517924,419,0.1980898797903313
1596,0.5834634873798904,168,0.2439707612401027
1597,0.5834634873798904,168,0.7819729501653813
1598,0.6437768703964967,135,0.4487958133150534
1599,0.6437768703964967,135,0.6811272733653565
1600,0.2307209913977354,155,0.8247778667194875
1601,0.2307209913977354,155,0.2486072063252209
1602,0.1379350293654983,394,0.9134451236985328
1603,0.1379350293654983,394,0.1048920350751572
1604,0.2947980740622438,419,0.7051293949242724
1605,0.2947980740622438,419,0.1980898797903313
1606,0.2958547805658941,100,0.5563826136959034
1607,0.2958547805658941,100,0.3502884528117013
1608,0.3509636394230984,95,0.6346789257576329
1609,0.3509636394230984,95,0.2601439773813176
1610,0.6759194614048932,182,0.6198893027435001
1611,0.6759194614048932,182,0.6198893027435001
1612,0.2187707237754282,207,0.7297185381941047
1613,0.2187707237754282,207,0.2291027308160911
1614,0.319985611633252,262,0.6285674503628581
1615,0.319985611633252,262,0.4231257011396735
1616,0.2718731939232048,184,0.5802935892520494
1617,0.2718731939232048,184,0.2834940641557689
1618,0.2487603027854932,77,0.676953565044159
1619,0.2487603027854932,77,0.2744512409970994
1620,0.2230224674726897,26,0.665609525398821
1621,0.2230224674726897,26,0.3396545089532511
1622,0.2406358008681909,426,0.6766537876146611
1623,0.2406358008681909,426,0.2162003673666531
1624,0.2667161097771343,89,0.6607553082254629
1625,0.2667161097771343,89,0.1928251517093424
1626,0.2795822462931215,345,0.7303745550887631
1627,0.2795822462931215,345,0.427901004859068
1628,0.8152027890849678,425,0.4649465027781947
1629,0.8152027890849678,425,0.4649465027781947
1630,0.238202177814006,396,0.6928481717085616
1631,0.238202177814006,396,0.2032659998737379
1632,0.23448087861073,246,0.8527270657671826
1633,0.23448087861073,246,0.3108647355568465
1634,0.2949013021273009,442,0.7497415657296663
1635,0.2949013021273009,442,0.3577721442472386
1636,0.2479300986387128,6,0.7094597598930662
1637,0.2479300986387128,6,0.2156908571253122
1638,0.3165448716152668,11,0.2733904496092845
1639,0.3165448716152668,11,0.2733904496092845
1640,0.2872320971491666,127,0.7905696978044316
1641,0.2872320971491666,127,0.25105154747961
1642,0.4660191021112309,213,0.1508447076724003
1643,0.4660191021112309,213,0.1508447076724003
1644,0.3364882450946089,334,0.7284082709805729
1645,0.3364882450946089,334,0.2789104624694675
1646,0.2574986049431909,187,0.4535492247959454
1647,0.2574986049431909,187,0.4535492247959454
1648,0.2522300306140533,408,0.7697654861483872
1649,0.2522300306140533,408,0.1540566883683085
1650,0.3085829026735782,407,0.7559422517135373
1651,0.3085829026735782,407,0.2305977127988369
1652,0.4049848057181597,340,0.7034093642416693
1653,0.4049848057181597,340,0.313343740820793
1654,0.241651992269491,292,0.7384595303662238
1655,0.241651992269491,292,0.3627472979078546
1656,0.3243055703852255,468,0.6929882617023749
1657,0.3243055703852255,468,0.2816919206177907
1658,0.3227455801989111,94,0.7254673385774685
1659,0.3227455801989111,94,0.3548803706412492
1660,0.2808009943254947,453,0.6092526457798131
1661,0.2808009943254947,453,0.1567464119894866
1662,0.3253421943897263,374,0.7036980395472333
1663,0.3253421943897263,374,0.2500926466594425
1664,0.4978036182247348,188,0.5975873707726204
1665,0.4978036182247348,188,0.5975873707726204
1666,0.2597748887687293,304,0.8350611521361865
1667,0.2597748887687293,304,0.374744734079701
1668,0.3937431989495131,93,0.7067415187239476
1669,0.3937431989495131,93,0.3451107737027736
1670,0.2329901506032201,4,0.542422070208144
1671,0.2329901506032201,4,0.3430413821368002
1672,0.3071525044991036,160,0.6803781550453826
1673,0.3071525044991036,160,0.2598494593881162
1674,0.3929037842721444,37,0.6002337941370661
1675,0.3929037842721444,37,0.3035311263512211
1676,0.2636821858792718,370,0.6381882161226213
1677,0.2636821858792718,370,0.2258270389834208
1678,0.1906474382773474,180,0.7780150051758283
1679,0.1906474382773474,180,0.1574942005437578
1680,0.1575679863691206,358,0.6467785474745503
1681,0.1575679863691206,358,0.299040659408871
1682,0.2682699706232432,120,0.7681856743005169
1683,0.2682699706232432,120,0.2290447490933644
1684,0.379904771914141,131,0.6153658889076046
1685,0.379904771914141,131,0.6153658889076046
1686,0.321339738423413,297,0.7522277497694284
1687,0.321339738423413,297,0.3256646184369128
1688,0.2916858996767785,199,0.7187114108984518
1689,0.2916858996767785,199,0.4529829748853436
1690,0.3092097798151567,50,0.6223459430992192
1691,0.3092097798151567,50,0.4014787748218325
1692,0.1677023844842417,303,0.7938948027733652
1693,0.1677023844842417,303,0.1815062817543864
1694,0.4696300518287762,439,0.5819708209575571
1695,0.4696300518287762,439,0.5819708209575571
1696,0.0924025651512111,96,0.6324627867491477
1697,0.0924025651512111,96,0.3736108669914723
1698,0.3114223323946092,88,0.7509711202432369
1699,0.3114223323946092,88,0.3798285581941287
1700,0.3640430377717026,170,0.5568208023966292
1701,0.3640430377717026,170,0.5568208023966292
1702,0.1191236457692126,175,0.8847778096522673
1703,0.1191236457692126,175,0.1689553393509055
1704,0.2831880179470433,326,0.8021731448682079
1705,0.2831880179470433,326,0.2513170265980319
1706,0.3056804467430359,141,0.8544021590032121
1707,0.3056804467430359,141,0.3082050771729002
1708,0.2823801103486857,139,0.5845430929205092
1709,0.2823801103486857,139,0.1373187671415571
1710,0.5269952177109085,397,0.6294058503269454
1711,0.5269952177109085,397,0.6294058503269454
1712,0.5950432617087963,177,0.7109264962652249
1713,0.5950432617087963,177,0.7109264962652249
1714,0.3565230488567847,154,0.7097716911989791
1715,0.3565230488567847,154,0.3489994136024004
1716,0.1944455203655486,217,0.7773540018805053
1717,0.1944455203655486,217,0.1960872616230213
1718,0.1956204760773564,369,0.7405847587824286
1719,0.1956204760773564,369,0.2356106150077729
1720,0.2496664744652399,151,0.6377457809421749
1721,0.2496664744652399,151,0.2358200278664245
1722,0.5511727282783218,227,0.4728170707522633
1723,0.5511727282783218,227,0.4728170707522633
1724,0.2403158794988634,68,0.6621117764549366
1725,0.2403158794988634,68,0.2141949131863173
1726,0.174859554887035,434,0.6870094182190285
1727,0.174859554887035,434,0.269830717645435
1728,0.3054458522795469,21,0.7655679071828343
1729,0.3054458522795469,21,0.2426680779312346
1730,0.1614914310452395,278,0.6595525463518861
1731,0.1614914310452395,278,0.1995113859048296
1732,0.2567450971919812,41,0.7101879963203157
1733,0.2567450971919812,41,0.1874416789954024
1734,0.2666961866799912,223,0.7277187569632945
1735,0.2666961866799912,223,0.2320763543072529
1736,0.175001300445035,162,0.7137357381093691
1737,0.175001300445035,162,0.1498265065574491
1738,0.2026317788196183,129,0.7320301719964264
1739,0.2026317788196183,129,0.3122881316741286
1740,0.6138969543315947,211,0.772757040718423
1741,0.6138969543315947,211,0.772757040718423
1742,0.8203741495368527,245,0.6665215408911789
1743,0.8203741495368527,245,0.6665215408911789
1744,0.2777849218925581,228,0.6092031927642497
1745,0.2777849218925581,228,0.280229965794914
1746,0.2569659208974966,249,0.8398137506441747
1747,0.2569659208974966,249,0.1798560259532357
1748,0.1659827296401848,462,0.7076786271366285
1749,0.1659827296401848,462,0.2703771799729929
1750,0.2137090910022187,7,0.7600048299001007
1751,0.2137090910022187,7,0.4365248668294968
1752,0.2437830423734455,389,0.3618274893087696
1753,0.2437830423734455,389,0.3618274893087696
1754,0.3458217213621422,289,0.717293751449792
1755,0.3458217213621422,289,0.3107958889151554
1756,0.1865981886091968,320,0.7297623665450662
1757,0.1865981886091968,320,0.3068790233437471
1758,0.3141017148323857,443,0.6693798867623834
1759,0.3141017148323857,443,0.3453399204587706
1760,0.2722003967445663,251,0.8314833388940464
1761,0.2722003967445663,251,0.3403176972404552
1762,0.6388885825446697,210,0.5254754538327701
1763,0.6388885825446697,210,0.5254754538327701
1764,0.3215787961006762,163,0.6733130705617341
1765,0.3215787961006762,163,0.2287853533826925
1766,0.1938054469426645,368,0.6546544902724052
1767,0.1938054469426645,368,0.2025504610678971
1768,0.2255362475718734,59,0.6250088295997152
1769,0.2255362475718734,59,0.2563778239511078
1770,0.2643737358716028,479,0.7893091679090025
1771,0.2643737358716028,479,0.2122293423686532
1772,0.2081028042555746,215,0.6574184816950465
1773,0.2081028042555746,215,0.3283493044874955
1774,0.2904377620907027,92,0.5692847526607939
1775,0.2904377620907027,92,0.2548054551059653
1776,0.2813416818839132,415,0.721002804164162
1777,0.2813416818839132,415,0.2648580941973837
1778,0.3335959825690996,403,0.6785074030608212
1779,0.3335959825690996,403,0.4066842967968396
1780,0.2524449511851522,333,0.6436048444216543
1781,0.2524449511851522,333,0.1634250720125928
1782,0.4569279016440961,74,0.3285279807819394
1783,0.4569279016440961,74,0.3285279807819394
1784,0.3156031234467539,209,0.8022272167269583
1785,0.3156031234467539,209,0.2953559985852804
1786,0.2171708998917152,315,0.601708659020581
1787,0.2171708998917152,315,0.2072124442190414
1788,0.7166195057444766,72,0.6524347544946818
1789,0.7166195057444766,72,0.6524347544946818
1790,0.5195729527401751,53,0.383942078163096
1791,0.5195729527401751,53,0.383942078163096
1792,0.1476549788866384,156,0.8133603906788255
1793,0.1476549788866384,156,0.0946027535186432
1794,0.2248297108425231,45,0.5701688141985815
1795,0.2248297108425231,45,0.4272840805442039
1796,0.1842683506612403,383,0.751976598541798
1797,0.1842683506612403,383,0.2984624874432972
1798,0.4190413771375831,164,0.6678706494213076
1799,0.4190413771375831,164,0.3575327237996788
1800,0.7647838779613658,360,0.4671128690928551
1801,0.7647838779613658,360,0.7031298915465565
1802,0.6791211206559428,67,0.3523760380153756
1803,0.6791211206559428,67,0.5860056085532149
1804,0.7168029965001955,76,0.379870756366854
1805,0.7168029965001955,76,0.7209636575711886
1806,0.8692259870306956,36,0.2435793440121963
1807,0.8692259870306956,36,0.8762526185257798
1808,0.5269952177109085,397,0.6294058503269454
1809,0.5269952177109085,397,0.6294058503269454
1810,0.742822098452225,106,0.0759577520128307
1811,0.742822098452225,106,0.7092758610041723
1812,0.743956599712731,392,0.1008902655819252
1813,0.743956599712731,392,0.759289001007265
1814,0.2574986049431909,187,0.4535492247959454
1815,0.2574986049431909,187,0.4535492247959454
1816,0.7565514962589394,401,0.2835489421830245
1817,0.7565514962589394,401,0.7258401163572955
1818,0.3640430377717026,170,0.5568208023966292
1819,0.3640430377717026,170,0.5568208023966292
1820,0.6301863522875755,38,0.283665925154985
1821,0.6301863522875755,38,0.6976551236977682
1822,0.7367192100667277,1,0.3384721609393876
1823,0.7367192100667277,1,0.6299181904437644
1824,0.9104749934070872,190,0.3205432705637156
1825,0.9104749934070872,190,0.7222332463972285
1826,0.8121149335376586,16,0.271339883888158
1827,0.8121149335376586,16,0.7456985574353143
1828,0.692654587182103,257,0.3272983314206679
1829,0.692654587182103,257,0.7213098179734627
1830,0.6345425429727614,5,0.209506110719859
1831,0.6345425429727614,5,0.7928312478620034
1832,0.6682245786016532,229,0.2231857403472131
1833,0.6682245786016532,229,0.7047898120596309
1834,0.7782697569824656,298,0.2340911226059332
1835,0.7782697569824656,298,0.7682801364539259
1836,0.6676897793998674,353,0.2458693447806768
1837,0.6676897793998674,353,0.7351426709121642
1838,0.4978036182247348,188,0.5975873707726204
1839,0.4978036182247348,188,0.5975873707726204
1840,0.6433196789869154,349,0.340646207225888
1841,0.6433196789869154,349,0.7982529596619525
1842,0.7711001765010992,459,0.3964901722913461
1843,0.7711001765010992,459,0.7191321520841396
1844,0.7475851167789931,386,0.3320256549585761
1845,0.7475851167789931,386,0.7371981850314828
1846,0.8067536139513923,73,0.1747921291759121
1847,0.8067536139513923,73,0.676481076262374
1848,0.7400554731031591,409,0.1456250340314415
1849,0.7400554731031591,409,0.9058463324922164
1850,0.9036425809532878,60,0.2288678372229145
1851,0.9036425809532878,60,0.7151205652780777
1852,0.6759194614048932,182,0.6198893027435001
1853,0.6759194614048932,182,0.6198893027435001
1854,0.7998141205313786,134,0.3455673564466495
1855,0.7998141205313786,134,0.7853060898823802
1856,0.7864439052124705,477,0.3011072739759023
1857,0.7864439052124705,477,0.7623567652548033
1858,0.8557776568950914,193,0.2690663398530251
1859,0.8557776568950914,193,0.7986624744780599
1860,0.7210274925131328,159,0.3297413212369459
1861,0.7210274925131328,159,0.775143852684241
1862,0.708408430077546,469,0.2907592952607027
1863,0.708408430077546,469,0.7560836193197715
1864,0.7622448611541237,387,0.2563982152740263
1865,0.7622448611541237,387,0.5771088654540685
1866,0.8283488969969581,486,0.3245428415121439
1867,0.8283488969969581,486,0.6496148099731934
1868,0.6980348579577854,8,0.2338360734100016
1869,0.6980348579577854,8,0.7127306637509875
1870,0.850695754757557,51,0.2495638812423782
1871,0.850695754757557,51,0.8058623521009947
1872,0.7691893570012975,378,0.3077640377259994
1873,0.7691893570012975,378,0.6605587103166723
1874,0.6889599350792828,359,0.2027141198328553
1875,0.6889599350792828,359,0.757754032576946
1876,0.6471264564961511,470,0.2799349224577683
1877,0.6471264564961511,470,0.6718340786872844
1878,0.8812131188351433,113,0.3179620247663011
1879,0.8812131188351433,113,0.8100390107159271
1880,0.7385785490978025,306,0.2195728439551768
1881,0.7385785490978025,306,0.8166008672927294
1882,0.8052184091254306,361,0.3039277892894503
1883,0.8052184091254306,361,0.7704700788370308
1884,0.6673403764815001,371,0.2789964770977601
1885,0.6673403764815001,371,0.7064339693149708
1886,0.7784263530808917,57,0.3385087894833856
1887,0.7784263530808917,57,0.5844780047448831
1888,0.7472391187968086,64,0.2881355406034692
1889,0.7472391187968086,64,0.7417467207300042
1890,0.7064922719007759,447,0.4415176311512786
1891,0.7064922719007759,447,0.8296235703118915
1892,0.8040040296497296,221,0.269517521789949
1893,0.8040040296497296,221,0.734690533853944
1894,0.4696300518287762,439,0.5819708209575571
1895,0.4696300518287762,439,0.5819708209575571
1896,0.789798981347131,372,0.2936618072793101
1897,0.789798981347131,372,0.7029051789570008
1898,0.5712888878004612,161,0.3194076039922869
1899,0.5712888878004612,161,0.6717263911664272
1900,0.7241312785772648,85,0.2146780420102885
1901,0.7241312785772648,85,0.7186855681568416
1902,0.5511727282783218,227,0.4728170707522633
1903,0.5511727282783218,227,0.4728170707522633
1904,0.8083635667733994,269,0.1773929887858575
1905,0.8083635667733994,269,0.7610406885209532
1906,0.7171192828749622,482,0.2446841142593756
1907,0.7171192828749622,482,0.8041141582287152
1908,0.7133363063871666,91,0.3637779896182067
1909,0.7133363063871666,91,0.8334511382070802
1910,0.6581627828723745,449,0.539520648934306
1911,0.6581627828723745,449,0.6259664877379522
1912,0.7305466774486019,438,0.3875342488441205
1913,0.7305466774486019,438,0.5812266886512096
1914,0.7967611225384335,33,0.3245367401070665
1915,0.7967611225384335,33,0.7619312852807257
1916,0.6913820504373209,234,0.2451693726863054
1917,0.6913820504373209,234,0.7264888945439549
1918,0.7874786921192565,28,0.3501396057279379
1919,0.7874786921192565,28,0.7345845425893822
1920,0.4569279016440961,74,0.3285279807819394
1921,0.4569279016440961,74,0.3285279807819394
1922,0.5195729527401751,53,0.383942078163096
1923,0.5195729527401751,53,0.383942078163096
1924,0.7824228024731681,475,0.2660368604466374
1925,0.7824228024731681,475,0.7962968032382916
1926,0.7651944570793116,316,0.231875263715679
1927,0.7651944570793116,316,0.676734515905922
1928,0.5950432617087963,177,0.7109264962652249
1929,0.5950432617087963,177,0.7109264962652249
1930,0.4660191021112309,213,0.1508447076724003
1931,0.4660191021112309,213,0.1508447076724003
1932,0.7426774968840013,307,0.1860617716352596
1933,0.7426774968840013,307,0.8445307925359404
1934,0.379904771914141,131,0.6153658889076046
1935,0.379904771914141,131,0.6153658889076046
1936,0.6388885825446697,210,0.5254754538327701
1937,0.6388885825446697,210,0.5254754538327701
1938,0.6737686176046734,309,0.2424805205727846
1939,0.6737686176046734,309,0.6629376794310813
1940,0.6256294952373898,413,0.2275464376466041
1941,0.6256294952373898,413,0.8172793164537525
1942,0.8505645768677699,149,0.1424624896377155
1943,0.8505645768677699,149,0.8251143453601699
1944,0.7846405757967954,52,0.1735925038002513
1945,0.7846405757967954,52,0.587718219302797
1946,0.868603976988876,497,0.2513252995203738
1947,0.868603976988876,497,0.6355020310967666
1948,0.8152027890849677,425,0.4649465027781947
1949,0.8152027890849677,425,0.4649465027781947
1950,0.7292912463480092,198,0.225713411400924
1951,0.7292912463480092,198,0.7683605413006674
1952,0.6823037429187272,44,0.2590746383568992
1953,0.6823037429187272,44,0.7563889170981971
1954,0.6641752013458021,302,0.3908878194110251
1955,0.6641752013458021,302,0.5811696010704395
1956,0.8390380814746743,461,0.1412223360312358
1957,0.8390380814746743,461,0.6386341766145568
1958,0.7813615255095078,416,0.230873811596274
1959,0.7813615255095078,416,0.8148873288809549
1960,0.7148700194685579,489,0.2723891748350854
1961,0.7148700194685579,489,0.6611413768902169
1962,0.6326627067635447,247,0.3833497432830444
1963,0.6326627067635447,247,0.5918211232818185
1964,0.7166195057444766,72,0.6524347544946818
1965,0.7166195057444766,72,0.6524347544946818
1966,0.7377584269692707,354,0.3296045959002088
1967,0.7377584269692707,354,0.6444018696080203
1968,0.738670895370649,405,0.2957623979723472
1969,0.738670895370649,405,0.8417966060473884
1970,0.7869411006016453,487,0.4629416929524133
1971,0.7869411006016453,487,0.7210672823909334
1972,0.3165448716152667,11,0.2733904496092845
1973,0.3165448716152667,11,0.2733904496092845
1974,0.8261533575902753,49,0.2725452202862768
1975,0.8261533575902753,49,0.6922352067708777
1976,0.7987146997592531,260,0.237430858338323
1977,0.7987146997592531,260,0.7280672478384898
1978,0.7147778186130478,18,0.3289790097700421
1979,0.7147778186130478,18,0.670642661928707
1980,0.6895376361857891,80,0.198984637791821
1981,0.6895376361857891,80,0.7737607841416422
1982,0.6914402354764688,336,0.3479336981717237
1983,0.6914402354764688,336,0.6832617420218742
1984,0.6138969543315947,211,0.772757040718423
1985,0.6138969543315947,211,0.772757040718423
1986,0.8203741495368527,245,0.6665215408911789
1987,0.8203741495368527,245,0.6665215408911789
1988,0.6435341826123916,290,0.3150936409193597
1989,0.6435341826123916,290,0.7212163557953303
1990,0.7314283295542373,382,0.3768537820298605
1991,0.7314283295542373,382,0.8154433423882603
1992,0.882830600443821,365,0.3011256261032465
1993,0.882830600443821,365,0.6966579055051749
1994,0.2437830423734455,389,0.3618274893087696
1995,0.2437830423734455,389,0.3618274893087696
1996,0.5991503218000332,224,0.4013773008115573
1997,0.5991503218000332,224,0.832450832251301
1998,0.7019248080596299,272,0.2914390295596253
1999,0.7019248080596299,272,0.8274386181012209
